公开时间,类别,省份,城市,新增确诊病例,新增治愈出院数,新增死亡数
1月10日,地区级,湖北,武汉,41,2,1
1月10日,省级,安徽,,,,
1月10日,省级,澳门,,,,
1月10日,省级,北京,,,,
1月10日,省级,福建,,,,
1月10日,省级,甘肃,,,,
1月10日,省级,广东,,,,
1月10日,省级,广西,,,,
1月10日,省级,贵州,,,,
1月10日,省级,海南,,,,
1月10日,省级,河北,,,,
1月10日,省级,河南,,,,
1月10日,省级,黑龙江,,,,
1月10日,省级,湖北,,41,0,
1月10日,省级,湖南,,,,
1月10日,省级,吉林,,,,
1月10日,省级,江苏,,,,
1月10日,省级,江西,,,,
1月10日,省级,辽宁,,,,
1月10日,省级,内蒙古,,,,
1月10日,省级,宁夏,,,,
1月10日,省级,青海,,,,
1月10日,省级,山东,,,,
1月10日,省级,山西,,,,
1月10日,省级,陕西,,,,
1月10日,省级,上海,,,,
1月10日,省级,四川,,,,
1月10日,省级,台湾,,,,
1月10日,省级,西藏,,,,
1月10日,省级,香港,,,,
1月10日,省级,新疆,,,,
1月10日,省级,云南,,,,
1月10日,省级,浙江,,,,
1月10日,国家级,,,41,,
1月10日,省级,天津,,,,
1月10日,省级,重庆,,,,
1月11日,地区级,湖北,武汉,,4,
1月11日,省级,安徽,,,,
1月11日,省级,澳门,,,,
1月11日,省级,北京,,,,
1月11日,省级,福建,,,,
1月11日,省级,甘肃,,,,
1月11日,省级,广东,,,,
1月11日,省级,广西,,,,
1月11日,省级,贵州,,,,
1月11日,省级,海南,,,,
1月11日,省级,河北,,,,
1月11日,省级,河南,,,,
1月11日,省级,黑龙江,,,,
1月11日,省级,湖北,,,,
1月11日,省级,湖南,,,,
1月11日,省级,吉林,,,,
1月11日,省级,江苏,,,,
1月11日,省级,江西,,,,
1月11日,省级,辽宁,,,,
1月11日,省级,内蒙古,,,,
1月11日,省级,宁夏,,,,
1月11日,省级,青海,,,,
1月11日,省级,山东,,,,
1月11日,省级,山西,,,,
1月11日,省级,陕西,,,,
1月11日,省级,上海,,,,
1月11日,省级,四川,,,,
1月11日,省级,台湾,,,,
1月11日,省级,西藏,,,,
1月11日,省级,香港,,,,
1月11日,省级,新疆,,,,
1月11日,省级,云南,,,,
1月11日,省级,浙江,,,,
1月11日,国家级,,,,,
1月11日,省级,天津,,,,
1月11日,省级,重庆,,,,
1月12日,地区级,湖北,武汉,,1,
1月12日,省级,安徽,,,,
1月12日,省级,澳门,,,,
1月12日,省级,北京,,,,
1月12日,省级,福建,,,,
1月12日,省级,甘肃,,,,
1月12日,省级,广东,,,,
1月12日,省级,广西,,,,
1月12日,省级,贵州,,,,
1月12日,省级,海南,,,,
1月12日,省级,河北,,,,
1月12日,省级,河南,,,,
1月12日,省级,黑龙江,,,,
1月12日,省级,湖北,,,,
1月12日,省级,湖南,,,,
1月12日,省级,吉林,,,,
1月12日,省级,江苏,,,,
1月12日,省级,江西,,,,
1月12日,省级,辽宁,,,,
1月12日,省级,内蒙古,,,,
1月12日,省级,宁夏,,,,
1月12日,省级,青海,,,,
1月12日,省级,山东,,,,
1月12日,省级,山西,,,,
1月12日,省级,陕西,,,,
1月12日,省级,上海,,,,
1月12日,省级,四川,,,,
1月12日,省级,台湾,,,,
1月12日,省级,西藏,,,,
1月12日,省级,香港,,,,
1月12日,省级,新疆,,,,
1月12日,省级,云南,,,,
1月12日,省级,浙江,,,,
1月12日,国家级,,,,,
1月12日,省级,天津,,,,
1月12日,省级,重庆,,,,
1月13日,地区级,湖北,武汉,,,
1月13日,省级,安徽,,,,
1月13日,省级,澳门,,,,
1月13日,省级,北京,,,,
1月13日,省级,福建,,,,
1月13日,省级,甘肃,,,,
1月13日,省级,广东,,,,
1月13日,省级,广西,,,,
1月13日,省级,贵州,,,,
1月13日,省级,海南,,,,
1月13日,省级,河北,,,,
1月13日,省级,河南,,,,
1月13日,省级,黑龙江,,,,
1月13日,省级,湖北,,,,
1月13日,省级,湖南,,,,
1月13日,省级,吉林,,,,
1月13日,省级,江苏,,,,
1月13日,省级,江西,,,,
1月13日,省级,辽宁,,,,
1月13日,省级,内蒙古,,,,
1月13日,省级,宁夏,,,,
1月13日,省级,青海,,,,
1月13日,省级,山东,,,,
1月13日,省级,山西,,,,
1月13日,省级,陕西,,,,
1月13日,省级,上海,,,,
1月13日,省级,四川,,,,
1月13日,省级,台湾,,,,
1月13日,省级,西藏,,,,
1月13日,省级,香港,,,,
1月13日,省级,新疆,,,,
1月13日,省级,云南,,,,
1月13日,省级,浙江,,,,
1月13日,国家级,,,,,
1月13日,省级,天津,,,,
1月13日,省级,重庆,,,,
1月14日,地区级,湖北,武汉,,,
1月14日,省级,安徽,,,,
1月14日,省级,澳门,,,,
1月14日,省级,北京,,,,
1月14日,省级,福建,,,,
1月14日,省级,甘肃,,,,
1月14日,省级,广东,,,,
1月14日,省级,广西,,,,
1月14日,省级,贵州,,,,
1月14日,省级,海南,,,,
1月14日,省级,河北,,,,
1月14日,省级,河南,,,,
1月14日,省级,黑龙江,,,,
1月14日,省级,湖北,,,,
1月14日,省级,湖南,,,,
1月14日,省级,吉林,,,,
1月14日,省级,江苏,,,,
1月14日,省级,江西,,,,
1月14日,省级,辽宁,,,,
1月14日,省级,内蒙古,,,,
1月14日,省级,宁夏,,,,
1月14日,省级,青海,,,,
1月14日,省级,山东,,,,
1月14日,省级,山西,,,,
1月14日,省级,陕西,,,,
1月14日,省级,上海,,,,
1月14日,省级,四川,,,,
1月14日,省级,台湾,,,,
1月14日,省级,西藏,,,,
1月14日,省级,香港,,,,
1月14日,省级,新疆,,,,
1月14日,省级,云南,,,,
1月14日,省级,浙江,,,,
1月14日,国家级,,,,,
1月14日,省级,天津,,,,
1月14日,省级,重庆,,,,
1月15日,地区级,湖北,武汉,,5,1
1月15日,省级,安徽,,,,
1月15日,省级,澳门,,,,
1月15日,省级,北京,,,,
1月15日,省级,福建,,,,
1月15日,省级,甘肃,,,,
1月15日,省级,广东,,,,
1月15日,省级,广西,,,,
1月15日,省级,贵州,,,,
1月15日,省级,海南,,,,
1月15日,省级,河北,,,,
1月15日,省级,河南,,,,
1月15日,省级,黑龙江,,,,
1月15日,省级,湖北,,,,
1月15日,省级,湖南,,,,
1月15日,省级,吉林,,,,
1月15日,省级,江苏,,,,
1月15日,省级,江西,,,,
1月15日,省级,辽宁,,,,
1月15日,省级,内蒙古,,,,
1月15日,省级,宁夏,,,,
1月15日,省级,青海,,,,
1月15日,省级,山东,,,,
1月15日,省级,山西,,,,
1月15日,省级,陕西,,,,
1月15日,省级,上海,,,,
1月15日,省级,四川,,,,
1月15日,省级,台湾,,,,
1月15日,省级,西藏,,,,
1月15日,省级,香港,,,,
1月15日,省级,新疆,,,,
1月15日,省级,云南,,,,
1月15日,省级,浙江,,,,
1月15日,国家级,,,,,
1月15日,省级,天津,,,,
1月15日,省级,重庆,,,,
1月16日,地区级,湖北,武汉,4,3,
1月16日,省级,安徽,,,,
1月16日,省级,澳门,,,,
1月16日,省级,北京,,,,
1月16日,省级,福建,,,,
1月16日,省级,甘肃,,,,
1月16日,省级,广东,,,,
1月16日,省级,广西,,,,
1月16日,省级,贵州,,,,
1月16日,省级,海南,,,,
1月16日,省级,河北,,,,
1月16日,省级,河南,,,,
1月16日,省级,黑龙江,,,,
1月16日,省级,湖北,,4,,
1月16日,省级,湖南,,,,
1月16日,省级,吉林,,,,
1月16日,省级,江苏,,,,
1月16日,省级,江西,,,,
1月16日,省级,辽宁,,,,
1月16日,省级,内蒙古,,,,
1月16日,省级,宁夏,,,,
1月16日,省级,青海,,,,
1月16日,省级,山东,,,,
1月16日,省级,山西,,,,
1月16日,省级,陕西,,,,
1月16日,省级,上海,,,,
1月16日,省级,四川,,,,
1月16日,省级,台湾,,,,
1月16日,省级,西藏,,,,
1月16日,省级,香港,,,,
1月16日,省级,新疆,,,,
1月16日,省级,云南,,,,
1月16日,省级,浙江,,,,
1月16日,国家级,,,4,,
1月16日,省级,天津,,,,
1月16日,省级,重庆,,,,
1月17日,国外,日本,NA,1,1,
1月17日,地区级,湖北,武汉,17,4,
1月17日,省级,安徽,,,,
1月17日,省级,澳门,,,,
1月17日,省级,北京,,,,
1月17日,省级,福建,,,,
1月17日,省级,甘肃,,,,
1月17日,省级,广东,,,,
1月17日,省级,广西,,,,
1月17日,省级,贵州,,,,
1月17日,省级,海南,,,,
1月17日,省级,河北,,,,
1月17日,省级,河南,,,,
1月17日,省级,黑龙江,,,,
1月17日,省级,湖北,,17,,
1月17日,省级,湖南,,,,
1月17日,省级,吉林,,,,
1月17日,省级,江苏,,,,
1月17日,省级,江西,,,,
1月17日,省级,辽宁,,,,
1月17日,省级,内蒙古,,,,
1月17日,省级,宁夏,,,,
1月17日,省级,青海,,,,
1月17日,省级,山东,,,,
1月17日,省级,山西,,,,
1月17日,省级,陕西,,,,
1月17日,省级,上海,,,,
1月17日,省级,四川,,,,
1月17日,省级,台湾,,,,
1月17日,省级,西藏,,,,
1月17日,省级,香港,,,,
1月17日,省级,新疆,,,,
1月17日,省级,云南,,,,
1月17日,省级,浙江,,,,
1月17日,国家级,,,17,,
1月17日,省级,天津,,,,
1月17日,省级,重庆,,,,
1月18日,地区级,湖北,武汉,59,5,1
1月18日,省级,安徽,,,,
1月18日,省级,澳门,,,,
1月18日,省级,北京,,,,
1月18日,省级,福建,,,,
1月18日,省级,甘肃,,,,
1月18日,省级,广东,,,,
1月18日,省级,广西,,,,
1月18日,省级,贵州,,,,
1月18日,省级,海南,,,,
1月18日,省级,河北,,,,
1月18日,省级,河南,,,,
1月18日,省级,黑龙江,,,,
1月18日,省级,湖北,,59,,
1月18日,省级,湖南,,,,
1月18日,省级,吉林,,,,
1月18日,省级,江苏,,,,
1月18日,省级,江西,,,,
1月18日,省级,辽宁,,,,
1月18日,省级,内蒙古,,,,
1月18日,省级,宁夏,,,,
1月18日,省级,青海,,,,
1月18日,省级,山东,,,,
1月18日,省级,山西,,,,
1月18日,省级,陕西,,,,
1月18日,省级,上海,,,,
1月18日,省级,四川,,,,
1月18日,省级,台湾,,,,
1月18日,省级,西藏,,,,
1月18日,省级,香港,,,,
1月18日,省级,新疆,,,,
1月18日,省级,云南,,,,
1月18日,省级,浙江,,,,
1月18日,国家级,,,59,,
1月18日,省级,天津,,,,
1月18日,省级,重庆,,,,
1月19日,地区级,北京,昌平,2,,
1月19日,地区级,四川,成都,,,
1月19日,地区级,北京,大兴,2,,
1月19日,地区级,上海,地区待确认,1,,
1月19日,地区级,广东,惠州,1,,
1月19日,地区级,广东,深圳,8,,
1月19日,地区级,广东,深圳,1,,
1月19日,地区级,北京,外地来京,1,,
1月19日,地区级,湖北,武汉,77,1,1
1月19日,地区级,广东,湛江,1,,
1月19日,地区级,广东,珠海,3,,
1月19日,省级,安徽,,,,
1月19日,省级,澳门,,,,
1月19日,省级,北京,,2,,
1月19日,省级,福建,,,,
1月19日,省级,甘肃,,,,
1月19日,省级,广东,,1,,
1月19日,省级,广西,,,,
1月19日,省级,贵州,,,,
1月19日,省级,海南,,,,
1月19日,省级,河北,,,,
1月19日,省级,河南,,,,
1月19日,省级,黑龙江,,,,
1月19日,省级,湖北,,77,,
1月19日,省级,湖南,,,,
1月19日,省级,吉林,,,,
1月19日,省级,江苏,,,,
1月19日,省级,江西,,,,
1月19日,省级,辽宁,,,,
1月19日,省级,内蒙古,,,,
1月19日,省级,宁夏,,,,
1月19日,省级,青海,,,,
1月19日,省级,山东,,,,
1月19日,省级,山西,,,,
1月19日,省级,陕西,,,,
1月19日,省级,上海,,,,
1月19日,省级,四川,,,,
1月19日,省级,台湾,,,,
1月19日,省级,西藏,,,,
1月19日,省级,香港,,,,
1月19日,省级,新疆,,,,
1月19日,省级,云南,,,,
1月19日,省级,浙江,,,,
1月19日,国家级,,,80,,
1月19日,省级,天津,,,,
1月19日,省级,重庆,,,,
1月20日,国外,韩国,NA,1,,
1月20日,国外,泰国,NA,2,,
1月20日,地区级,四川,成都,1,,
1月20日,地区级,上海,地区待确认,4,,
1月20日,地区级,上海,地区待确认,1,,
1月20日,地区级,北京,丰台,1,,
1月20日,地区级,北京,海淀,1,,
1月20日,地区级,北京,海淀,1,,
1月20日,地区级,浙江,杭州,1,,
1月20日,地区级,湖北,黄冈,12,,
1月20日,地区级,云南,昆明,1,,
1月20日,地区级,黑龙江,牡丹江,,,
1月20日,地区级,山东,青岛,1,,
1月20日,地区级,广东,深圳,1,,
1月20日,地区级,台湾,台湾,1,,
1月20日,地区级,浙江,台州,1,,
1月20日,地区级,北京,通州,1,,
1月20日,地区级,浙江,温州,2,,
1月20日,地区级,湖北,武汉,60,,2
1月20日,地区级,北京,西城,1,,
1月20日,地区级,香港,香港,,,
1月20日,地区级,广东,湛江,1,,
1月20日,地区级,河南,郑州,1,,
1月20日,地区级,浙江,舟山,1,,
1月20日,地区级,广东,珠海,1,,
1月20日,省级,安徽,,,,
1月20日,省级,澳门,,,,
1月20日,省级,北京,,3,,
1月20日,省级,福建,,,,
1月20日,省级,甘肃,,,,
1月20日,省级,广东,,13,,
1月20日,省级,广西,,,,
1月20日,省级,贵州,,,,
1月20日,省级,海南,,,,
1月20日,省级,河北,,,,
1月20日,省级,河南,,,,
1月20日,省级,黑龙江,,,,
1月20日,省级,湖北,,72,,
1月20日,省级,湖南,,,,
1月20日,省级,吉林,,,,
1月20日,省级,江苏,,,,
1月20日,省级,江西,,,,
1月20日,省级,辽宁,,,,
1月20日,省级,内蒙古,,,,
1月20日,省级,宁夏,,,,
1月20日,省级,青海,,,,
1月20日,省级,山东,,,,
1月20日,省级,山西,,,,
1月20日,省级,陕西,,,,
1月20日,省级,上海,,2,,
1月20日,省级,四川,,,,
1月20日,省级,台湾,,,,
1月20日,省级,西藏,,,,
1月20日,省级,香港,,,,
1月20日,省级,新疆,,,,
1月20日,省级,云南,,,,
1月20日,省级,浙江,,,,
1月20日,国家级,,,90,,
1月20日,地区级,天津,地区待确认,2,,
1月20日,地区级,重庆,万州区,2,,
1月20日,地区级,重庆,巫山县,2,,
1月20日,地区级,重庆,长寿区,1,,
1月20日,省级,天津,,,,
1月20日,省级,重庆,,,,
1月21日,国外,美国,NA,1,,
1月21日,国外,泰国,NA,1,,
1月21日,国外,泰国,NA,,1,
1月21日,国外,泰国,NA,,1,
1月21日,国外,泰国,NA,1,,
1月21日,地区级,澳门,澳门,1,,
1月21日,地区级,广西,北海,1,,
1月21日,地区级,北京,朝阳,1,,
1月21日,地区级,四川,成都,1,,
1月21日,地区级,辽宁,大连,1,,
1月21日,地区级,上海,地区待确认,3,,
1月21日,地区级,广东,佛山,1,,
1月21日,地区级,福建,福州,1,,
1月21日,地区级,江西,抚州,1,,
1月21日,地区级,四川,广安,1,,
1月21日,地区级,广东,广州,2,,
1月21日,地区级,贵州,贵阳,1,,
1月21日,地区级,海南,海口,2,,
1月21日,地区级,安徽,合肥,1,,
1月21日,地区级,安徽,合肥,,,
1月21日,地区级,湖南,怀化,3,,
1月21日,地区级,湖北,荆门,,,
1月21日,地区级,海南,临高县,1,,
1月21日,地区级,河南,洛阳,1,,
1月21日,地区级,四川,绵阳,2,,
1月21日,地区级,浙江,宁波,3,,
1月21日,地区级,江西,萍乡,1,,
1月21日,地区级,河南,三门峡,1,,
1月21日,地区级,海南,三亚,1,,
1月21日,地区级,广东,韶关,2,,
1月21日,地区级,广东,深圳,4,,
1月21日,地区级,辽宁,沈阳,1,,
1月21日,地区级,河北,石家庄,1,,
1月21日,地区级,北京,石景山,1,,
1月21日,地区级,山西,太原,1,,
1月21日,地区级,北京,外地来京,1,,
1月21日,地区级,山东,威海,1,,
1月21日,地区级,浙江,温州,2,,
1月21日,地区级,广西,梧州,1,,
1月21日,地区级,广西,梧州,,,
1月21日,地区级,湖北,武汉,105,,
1月21日,地区级,湖北,武汉,,3,3
1月21日,地区级,北京,西城,1,,
1月21日,地区级,江苏,扬州,,,
1月21日,地区级,宁夏,银川,1,,
1月21日,地区级,湖南,长沙,1,,
1月21日,地区级,河南,郑州,2,,
1月21日,省级,安徽,,,,
1月21日,省级,澳门,,,,
1月21日,省级,北京,,5,,
1月21日,省级,福建,,,,
1月21日,省级,甘肃,,,,
1月21日,省级,广东,,12,,
1月21日,省级,广西,,,,
1月21日,省级,贵州,,,,
1月21日,省级,海南,,,,
1月21日,省级,河北,,,,
1月21日,省级,河南,,1,,
1月21日,省级,黑龙江,,,,
1月21日,省级,湖北,,105,,
1月21日,省级,湖南,,1,,
1月21日,省级,吉林,,,,
1月21日,省级,江苏,,2,,
1月21日,省级,江西,,2,,
1月21日,省级,辽宁,,,,
1月21日,省级,内蒙古,,,,
1月21日,省级,宁夏,,,,
1月21日,省级,青海,,,,
1月21日,省级,山东,,1,,
1月21日,省级,山西,,,,
1月21日,省级,陕西,,,,
1月21日,省级,上海,,7,,
1月21日,省级,四川,,2,,
1月21日,省级,台湾,,,,
1月21日,地区级,天津,地区待确认,2,,
1月21日,省级,西藏,,,,
1月21日,省级,香港,,,,
1月21日,省级,新疆,,,,
1月21日,省级,云南,,1,,
1月21日,省级,浙江,,5,,
1月21日,国家级,,,149,,
1月21日,地区级,重庆,垫江县,1,,
1月21日,省级,重庆,,5,,
1月21日,省级,天津,,,,
1月22日,国外,新加坡,NA,1,,
1月22日,国外,越南,NA,2,,
1月22日,地区级,澳门,澳门,1,,
1月22日,地区级,甘肃,白银,1,,
1月22日,地区级,广西,北海,2,,
1月22日,地区级,安徽,亳州,1,,
1月22日,地区级,北京,朝阳,1,,
1月22日,地区级,湖南,郴州,1,,
1月22日,地区级,四川,成都,2,,
1月22日,地区级,安徽,滁州,1,,
1月22日,地区级,四川,达州,1,,
1月22日,地区级,上海,地区待确认,7,,
1月22日,地区级,福建,福州,1,,
1月22日,地区级,安徽,阜阳,1,,
1月22日,地区级,广东,广州,3,,
1月22日,地区级,黑龙江,哈尔滨,1,,
1月22日,地区级,北京,海淀,1,,
1月22日,地区级,浙江,杭州,5,,
1月22日,地区级,安徽,合肥,4,,
1月22日,地区级,内蒙古,呼伦贝尔,,,
1月22日,地区级,浙江,金华,1,,
1月22日,地区级,湖北,荆门,1,,
1月22日,地区级,湖北,荆州,6,,
1月22日,地区级,甘肃,兰州,1,,
1月22日,地区级,甘肃,兰州,,,
1月22日,地区级,江苏,连云港,1,,
1月22日,地区级,山东,临沂,2,,
1月22日,地区级,广西,柳州,1,,
1月22日,地区级,安徽,六安,1,,
1月22日,地区级,黑龙江,牡丹江,1,,
1月22日,地区级,江西,南昌,1,,
1月22日,地区级,江苏,南京,2,,
1月22日,地区级,浙江,宁波,2,,
1月22日,地区级,福建,宁德,1,,
1月22日,地区级,贵州,黔南州,1,,
1月22日,地区级,山东,青岛,2,,
1月22日,地区级,浙江,衢州,1,,
1月22日,地区级,福建,泉州,1,,
1月22日,地区级,福建,厦门,,,
1月22日,地区级,福建,厦门,1,,
1月22日,地区级,浙江,绍兴,1,,
1月22日,地区级,广东,深圳,,2,
1月22日,地区级,广东,深圳,1,,
1月22日,地区级,辽宁,沈阳,1,,
1月22日,地区级,江苏,苏州,1,,
1月22日,地区级,浙江,台州,5,,
1月22日,地区级,北京,通州,1,,
1月22日,地区级,贵州,铜仁,1,,
1月22日,地区级,北京,外地来京,4,,
1月22日,地区级,浙江,温州,,1,
1月22日,地区级,浙江,温州,2,,
1月22日,地区级,新疆,乌鲁木齐,2,,
1月22日,地区级,湖北,武汉,62,,8
1月22日,地区级,陕西,西安,2,,
1月22日,地区级,北京,西城,1,,
1月22日,地区级,陕西,咸阳,1,,
1月22日,地区级,香港,香港,2,,
1月22日,地区级,江苏,扬州,1,,
1月22日,地区级,湖南,永州,1,,
1月22日,地区级,吉林,长春,1,,
1月22日,地区级,湖南,长沙,3,,
1月22日,地区级,广东,肇庆,1,,
1月22日,地区级,广东,中山,1,,
1月22日,省级,安徽,,5,,
1月22日,省级,澳门,,1,,
1月22日,省级,北京,,4,,
1月22日,省级,福建,,5,,
1月22日,省级,甘肃,,,,
1月22日,省级,广东,,6,,
1月22日,省级,广西,,5,,
1月22日,省级,贵州,,3,,
1月22日,省级,海南,,5,,
1月22日,省级,河北,,1,,
1月22日,省级,河南,,4,,
1月22日,省级,黑龙江,,1,,
1月22日,省级,湖北,,69,,
1月22日,省级,湖南,,8,,
1月22日,省级,吉林,,1,,
1月22日,省级,江苏,,3,,
1月22日,省级,江西,,1,,
1月22日,省级,辽宁,,2,,
1月22日,省级,内蒙古,,,,
1月22日,省级,宁夏,,1,,
1月22日,省级,青海,,,,
1月22日,省级,山东,,5,,
1月22日,省级,山西,,1,,
1月22日,省级,陕西,,3,,
1月22日,省级,上海,,7,,
1月22日,省级,四川,,5,,
1月22日,省级,台湾,,1,,
1月22日,省级,西藏,,,,
1月22日,省级,香港,,1,,
1月22日,省级,新疆,,,,
1月22日,省级,云南,,,,
1月22日,省级,浙江,,21,,
1月22日,国家级,,,134,,
1月22日,地区级,重庆,涪陵区,1,,
1月22日,地区级,重庆,永川区,2,,
1月22日,省级,重庆,,4,,
1月22日,省级,天津,,4,,
1月23日,地区级,重庆,大渡口区,1,,
1月23日,地区级,天津,地区待确认,1,,
1月23日,国外,韩国,NA,1,,
1月23日,国外,美国,NA,1,,
1月23日,国外,尼泊尔,NA,1,,
1月23日,国外,日本,NA,,1,
1月23日,国外,日本,NA,1,,
1月23日,国外,泰国,NA,1,,
1月23日,国外,新加坡,NA,2,,
1月23日,地区级,陕西,安康,1,,
1月23日,地区级,安徽,安庆,1,,
1月23日,地区级,广西,百色,1,,
1月23日,地区级,安徽,蚌埠,1,,
1月23日,地区级,广西,北海,3,,
1月23日,地区级,河北,沧州,1,,1
1月23日,地区级,北京,昌平,1,,
1月23日,地区级,北京,朝阳,2,,
1月23日,地区级,北京,朝阳,1,,
1月23日,地区级,辽宁,朝阳市,1,,
1月23日,地区级,四川,成都,3,,
1月23日,地区级,安徽,池州,1,,
1月23日,地区级,黑龙江,大庆,1,,
1月23日,地区级,北京,大兴,,1,
1月23日,地区级,四川,德阳,1,,
1月23日,地区级,上海,地区待确认,4,,
1月23日,地区级,天津,地区待确认,1,,
1月23日,地区级,天津,地区待确认,1,,
1月23日,地区级,天津,地区待确认,1,,
1月23日,地区级,广西,防城港,2,,
1月23日,地区级,北京,丰台,1,,
1月23日,地区级,广东,佛山,5,,
1月23日,地区级,福建,福州,1,,
1月23日,地区级,福建,福州,2,,
1月23日,地区级,江西,抚州,3,,
1月23日,地区级,安徽,阜阳,1,,
1月23日,地区级,江西,赣州,2,,
1月23日,地区级,四川,广安,1,,
1月23日,地区级,广东,广州,2,,
1月23日,地区级,广西,桂林,4,,
1月23日,地区级,广西,桂林,2,,
1月23日,地区级,北京,海淀,2,,
1月23日,地区级,北京,海淀,1,,
1月23日,地区级,海南,海口,2,,
1月23日,地区级,安徽,合肥,1,,
1月23日,地区级,广西,河池,2,,
1月23日,地区级,广西,河池,1,,
1月23日,地区级,内蒙古,呼伦贝尔,1,,
1月23日,地区级,广东,惠州,4,,
1月23日,地区级,江西,吉安,1,,
1月23日,地区级,吉林,吉林,1,,
1月23日,地区级,山东,济南,2,,
1月23日,地区级,山东,济宁,1,,
1月23日,地区级,浙江,嘉兴,3,,
1月23日,地区级,湖北,荆门,7,,
1月23日,地区级,湖北,荆州,2,,
1月23日,地区级,江西,景德镇,1,,
1月23日,地区级,江西,九江,1,,
1月23日,地区级,江西,九江,1,,
1月23日,地区级,云南,昆明,1,,
1月23日,地区级,云南,昆明,1,,
1月23日,地区级,云南,丽江,1,,
1月23日,地区级,广西,柳州,1,,
1月23日,地区级,广西,柳州,1,,
1月23日,地区级,安徽,六安,1,,
1月23日,地区级,湖南,娄底,3,,
1月23日,地区级,江西,南昌,1,,
1月23日,地区级,江西,南昌,1,,
1月23日,地区级,江苏,南京,1,,
1月23日,地区级,江苏,南通,1,,
1月23日,地区级,山东,青岛,1,,
1月23日,地区级,广东,清远,1,,
1月23日,地区级,浙江,衢州,1,,
1月23日,地区级,山东,日照,1,,
1月23日,地区级,海南,三亚,1,,
1月23日,地区级,福建,厦门,2,,
1月23日,地区级,江西,上饶,2,,
1月23日,地区级,广东,韶关,1,,
1月23日,地区级,湖北,十堰,1,,
1月23日,地区级,北京,顺义,1,,
1月23日,地区级,吉林,松原,1,,
1月23日,地区级,江苏,苏州,1,,
1月23日,地区级,黑龙江,绥化,1,,1
1月23日,地区级,四川,遂宁,1,,
1月23日,地区级,台湾,台湾,2,,
1月23日,地区级,浙江,台州,12,,
1月23日,地区级,贵州,铜仁,1,,
1月23日,地区级,上海,外地来沪,,1,
1月23日,地区级,北京,外地来京,1,,
1月23日,地区级,北京,外地来京,2,,
1月23日,地区级,北京,外地来京,1,,
1月23日,地区级,海南,万宁,1,,
1月23日,地区级,山东,威海,1,,
1月23日,地区级,山东,潍坊,1,,
1月23日,地区级,江苏,无锡,1,,
1月23日,地区级,湖北,武汉,,3,
1月23日,地区级,湖北,武汉,70,,6
1月23日,地区级,北京,西城,1,,
1月23日,地区级,云南,西双版纳州,1,,
1月23日,地区级,湖北,仙桃,2,,
1月23日,地区级,香港,香港,3,,
1月23日,地区级,湖南,湘潭,1,,
1月23日,地区级,湖北,孝感,22,,
1月23日,地区级,江西,新余,1,,
1月23日,地区级,河南,信阳,1,,
1月23日,地区级,重庆,垫江县,1,,
1月23日,地区级,四川,雅安,1,,
1月23日,地区级,山东,烟台,2,,
1月23日,地区级,陕西,延安,1,,
1月23日,地区级,广东,阳江,3,,
1月23日,地区级,湖北,宜昌,1,,1
1月23日,地区级,江西,宜春,1,,
1月23日,地区级,湖南,永州,3,,
1月23日,地区级,广西,玉林,1,,
1月23日,地区级,湖南,岳阳,3,,
1月23日,地区级,湖南,长沙,4,,
1月23日,地区级,河南,郑州,1,,
1月23日,地区级,河南,郑州,1,,
1月23日,地区级,广东,中山,1,,
1月23日,地区级,宁夏,中卫,1,,
1月23日,地区级,河南,周口,1,,
1月23日,地区级,广东,珠海,4,,
1月23日,地区级,湖南,株洲,1,,
1月23日,省级,安徽,,10,,
1月23日,省级,澳门,,1,,
1月23日,省级,北京,,8,,
1月23日,省级,福建,,5,,
1月23日,省级,甘肃,,2,,
1月23日,省级,广东,,21,,
1月23日,省级,广西,,8,,
1月23日,省级,贵州,,,,
1月23日,省级,海南,,3,,
1月23日,省级,河北,,1,,
1月23日,省级,河南,,4,,
1月23日,省级,黑龙江,,3,,
1月23日,省级,湖北,,105,,
1月23日,省级,湖南,,15,,
1月23日,省级,吉林,,2,,
1月23日,省级,江苏,,4,,
1月23日,省级,江西,,4,,
1月23日,省级,辽宁,,2,,
1月23日,省级,内蒙古,,1,,
1月23日,省级,宁夏,,1,,
1月23日,省级,青海,,,,
1月23日,省级,山东,,3,,
1月23日,省级,山西,,,,
1月23日,省级,陕西,,2,,
1月23日,省级,上海,,4,,
1月23日,省级,四川,,8,,
1月23日,省级,台湾,,,,
1月23日,省级,西藏,,,,
1月23日,省级,香港,,1,,
1月23日,省级,新疆,,2,,
1月23日,省级,云南,,4,,
1月23日,省级,浙江,,17,,
1月23日,国家级,,,261,,
1月23日,地区级,重庆,奉节县,1,,
1月23日,地区级,重庆,九龙坡区,2,,
1月23日,地区级,重庆,开州区,2,,
1月23日,地区级,重庆,两江新区,1,,
1月23日,地区级,重庆,万州区,1,,
1月23日,地区级,重庆,巫山县,1,,
1月23日,地区级,重庆,巫溪县,1,,
1月23日,地区级,重庆,秀山县,1,,
1月23日,地区级,重庆,渝北区,2,,
1月23日,地区级,重庆,云阳县,1,,
1月23日,地区级,重庆,长寿区,2,,
1月23日,地区级,重庆,忠县,1,,
1月23日,省级,重庆,,18,,
1月23日,省级,天津,,1,,
1月24日,地区级,重庆,璧山区,2,,
1月24日,地区级,重庆,城口县,1,,
1月24日,地区级,重庆,大渡口区,1,,
1月24日,地区级,天津,地区待确认,1,,
1月24日,国外,澳大利亚,NA,3,,
1月24日,国外,澳大利亚,NA,1,,
1月24日,国外,澳大利亚,NA,3,,
1月24日,国外,澳大利亚,NA,1,,
1月24日,国外,法国,NA,1,,
1月24日,国外,法国,NA,1,,
1月24日,国外,法国,NA,2,,
1月24日,国外,马来西亚,NA,3,,
1月24日,国外,马来西亚,NA,3,,
1月24日,国外,尼泊尔,NA,,1,
1月24日,国外,尼泊尔,NA,,1,
1月24日,国外,日本,NA,1,,
1月24日,国外,日本,NA,1,,
1月24日,国外,泰国,NA,1,,
1月24日,国外,泰国,NA,1,,
1月24日,地区级,陕西,安康,2,,
1月24日,地区级,安徽,安庆,3,,
1月24日,地区级,河北,保定,1,,
1月24日,地区级,辽宁,本溪,1,,
1月24日,地区级,山东,滨州,1,,
1月24日,地区级,安徽,亳州,3,,
1月24日,地区级,河北,沧州,1,,
1月24日,地区级,湖南,常德,3,,
1月24日,地区级,江苏,常州,5,,
1月24日,地区级,北京,朝阳,1,,
1月24日,地区级,辽宁,朝阳市,1,,
1月24日,地区级,四川,成都,9,,
1月24日,地区级,河北,承德,1,,
1月24日,地区级,内蒙古,赤峰,1,,
1月24日,地区级,安徽,滁州,1,,
1月24日,地区级,云南,大理,1,,
1月24日,地区级,辽宁,大连,1,,
1月24日,地区级,辽宁,大连,1,,
1月24日,地区级,辽宁,大连,1,,
1月24日,地区级,山西,大同,1,,
1月24日,地区级,北京,大兴,,1,
1月24日,地区级,海南,儋州,3,,
1月24日,地区级,山东,德州,1,,
1月24日,地区级,上海,地区待确认,13,,
1月24日,地区级,广东,东莞,1,,
1月24日,地区级,内蒙古,鄂尔多斯,2,,
1月24日,地区级,湖北,鄂州,1,,
1月24日,地区级,湖北,恩施州,11,,
1月24日,地区级,广东,佛山,3,,
1月24日,地区级,福建,福州,1,,
1月24日,地区级,安徽,阜阳,5,,
1月24日,地区级,宁夏,固原,1,,
1月24日,地区级,广东,广州,7,,
1月24日,地区级,黑龙江,哈尔滨,5,,
1月24日,地区级,北京,海淀,2,,
1月24日,地区级,浙江,杭州,6,,
1月24日,地区级,重庆,丰都县,1,,
1月24日,地区级,安徽,合肥,4,,
1月24日,地区级,山东,菏泽,1,,
1月24日,地区级,湖南,衡阳,3,,
1月24日,地区级,云南,红河,1,,
1月24日,地区级,内蒙古,呼伦贝尔,1,,
1月24日,地区级,辽宁,葫芦岛,2,,
1月24日,地区级,湖南,怀化,2,,
1月24日,地区级,湖北,黄冈,52,,
1月24日,地区级,湖北,黄石,31,,1
1月24日,地区级,广东,惠州,2,,
1月24日,地区级,吉林,吉林,1,,
1月24日,地区级,山东,济南,1,,
1月24日,地区级,山东,济宁,1,,
1月24日,地区级,浙江,嘉兴,1,,
1月24日,地区级,浙江,金华,1,,
1月24日,地区级,湖北,荆门,13,,
1月24日,地区级,湖北,荆州,2,,
1月24日,地区级,云南,昆明,1,,
1月24日,地区级,甘肃,兰州,1,,
1月24日,地区级,云南,丽江,1,,
1月24日,地区级,山东,聊城,1,,
1月24日,地区级,甘肃,临夏,1,,
1月24日,地区级,山东,临沂,1,,
1月24日,地区级,海南,陵水县,1,,
1月24日,地区级,湖南,娄底,2,,
1月24日,地区级,四川,泸州,1,,
1月24日,地区级,安徽,马鞍山,4,,
1月24日,地区级,江苏,南京,1,,
1月24日,地区级,河南,南阳,8,,
1月24日,地区级,四川,内江,1,,
1月24日,地区级,浙江,宁波,1,,
1月24日,地区级,福建,宁德,1,,
1月24日,地区级,河南,平顶山,1,,
1月24日,地区级,贵州,黔西南州,1,,
1月24日,地区级,山东,青岛,2,,
1月24日,地区级,广东,清远,1,,
1月24日,地区级,云南,曲靖,1,,
1月24日,地区级,福建,泉州,2,,
1月24日,地区级,山东,日照,1,,
1月24日,地区级,山东,日照,1,,
1月24日,地区级,福建,三明,1,,
1月24日,地区级,海南,三亚,1,,
1月24日,地区级,海南,三亚,3,,
1月24日,地区级,广东,汕头,1,,
1月24日,地区级,陕西,商洛,1,,
1月24日,地区级,湖南,邵阳,2,,
1月24日,地区级,浙江,绍兴,3,,
1月24日,地区级,广东,深圳,5,,
1月24日,地区级,辽宁,沈阳,2,,
1月24日,地区级,辽宁,沈阳,1,,
1月24日,地区级,湖北,十堰,4,,
1月24日,地区级,河北,石家庄,3,,
1月24日,地区级,江苏,苏州,1,1,
1月24日,地区级,湖北,随州,5,,
1月24日,地区级,四川,遂宁,1,,
1月24日,地区级,浙江,台州,2,,
1月24日,地区级,山西,太原,1,,
1月24日,地区级,湖北,天门,3,,
1月24日,地区级,辽宁,铁岭,2,,
1月24日,地区级,陕西,铜川,3,,
1月24日,地区级,安徽,铜陵,3,,
1月24日,地区级,海南,万宁,3,,
1月24日,地区级,山东,威海,1,,
1月24日,地区级,浙江,温州,4,,
1月24日,地区级,新疆,乌鲁木齐,1,,
1月24日,地区级,安徽,芜湖,1,,
1月24日,地区级,湖北,武汉,77,1,15
1月24日,地区级,陕西,西安,2,,
1月24日,地区级,青海,西宁,1,,
1月24日,地区级,内蒙古,锡林郭勒,1,,
1月24日,地区级,内蒙古,锡林郭勒,1,,
1月24日,地区级,湖北,仙桃,8,,
1月24日,地区级,陕西,咸阳,1,,
1月24日,地区级,陕西,咸阳,1,,
1月24日,地区级,湖南,湘潭,1,,
1月24日,地区级,湖北,孝感,4,,
1月24日,地区级,河南,新乡,1,,
1月24日,地区级,河南,信阳,4,,
1月24日,地区级,江苏,宿迁,1,,
1月24日,地区级,江苏,盐城,1,,
1月24日,地区级,广东,阳江,2,,
1月24日,地区级,湖南,益阳,4,,
1月24日,地区级,云南,玉溪,1,,
1月24日,地区级,湖南,岳阳,2,,
1月24日,地区级,山西,运城,2,,
1月24日,地区级,福建,漳州,3,,
1月24日,地区级,山西,长治,1,,
1月24日,地区级,广东,肇庆,1,,
1月24日,地区级,河南,郑州,3,,
1月24日,地区级,浙江,舟山,1,,
1月24日,地区级,河南,周口,3,,
1月24日,地区级,广东,珠海,2,,
1月24日,地区级,河南,驻马店,2,,
1月24日,地区级,四川,自贡,1,,
1月24日,省级,安徽,,24,,
1月24日,省级,澳门,,,,
1月24日,省级,北京,,14,,
1月24日,省级,福建,,8,,
1月24日,省级,甘肃,,2,,
1月24日,省级,广东,,25,,
1月24日,省级,广西,,10,,
1月24日,省级,贵州,,1,,
1月24日,省级,海南,,9,,
1月24日,省级,河北,,6,,
1月24日,省级,河南,,23,,
1月24日,省级,黑龙江,,5,,
1月24日,省级,湖北,,180,,
1月24日,省级,湖南,,19,,
1月24日,省级,吉林,,1,,
1月24日,省级,江苏,,9,,
1月24日,省级,江西,,11,,
1月24日,省级,辽宁,,8,,
1月24日,省级,内蒙古,,1,,
1月24日,省级,宁夏,,1,,
1月24日,省级,青海,,,,
1月24日,省级,山东,,12,,
1月24日,省级,山西,,5,,
1月24日,省级,陕西,,10,,
1月24日,省级,上海,,13,,
1月24日,省级,四川,,13,,
1月24日,省级,台湾,,2,,
1月24日,省级,西藏,,,,
1月24日,省级,香港,,3,,
1月24日,省级,新疆,,1,,
1月24日,省级,云南,,6,,
1月24日,省级,浙江,,19,,
1月24日,国家级,,,449,,
1月24日,地区级,重庆,合川区,2,,
1月24日,地区级,重庆,九龙坡区,1,,
1月24日,地区级,重庆,开州区,2,,
1月24日,地区级,重庆,梁平区,1,,
1月24日,地区级,重庆,两江新区,2,,
1月24日,地区级,重庆,石柱县,3,,
1月24日,地区级,重庆,万州区,7,,
1月24日,地区级,重庆,巫溪县,1,,
1月24日,地区级,天津,外地来津,1,,
1月24日,地区级,重庆,永川区,1,,
1月24日,地区级,重庆,云阳县,1,,
1月24日,地区级,重庆,长寿区,2,,
1月24日,地区级,重庆,忠县,2,,
1月24日,省级,重庆,,30,,
1月24日,省级,天津,,3,,
1月25日,地区级,重庆,大渡口区,2,,
1月25日,地区级,重庆,大足区,1,,
1月25日,地区级,重庆,奉节县,2,,
1月25日,国外,韩国,NA,1,,
1月25日,国外,韩国,NA,1,,
1月25日,国外,加拿大,NA,1,,
1月25日,国外,加拿大,NA,1,,
1月25日,国外,马来西亚,NA,1,,
1月25日,国外,马来西亚,NA,1,,
1月25日,国外,美国,NA,1,,
1月25日,国外,美国,NA,1,,
1月25日,国外,日本,NA,1,,
1月25日,国外,日本,NA,1,,
1月25日,国外,泰国,NA,1,,
1月25日,国外,泰国,NA,1,,
1月25日,国外,新加坡,NA,1,,
1月25日,国外,新加坡,NA,1,,
1月25日,地区级,安徽,安庆,1,,
1月25日,地区级,河南,安阳,3,,
1月25日,地区级,澳门,澳门,3,,
1月25日,地区级,广西,百色,1,,
1月25日,地区级,河北,保定,2,,
1月25日,地区级,广西,北海,1,,
1月25日,地区级,辽宁,本溪,1,,
1月25日,地区级,山东,滨州,2,,
1月25日,地区级,安徽,亳州,2,,
1月25日,地区级,北京,昌平,2,,
1月25日,地区级,北京,昌平,2,,
1月25日,地区级,湖南,常德,4,,
1月25日,地区级,北京,朝阳,3,,
1月25日,地区级,北京,朝阳,2,,
1月25日,地区级,湖南,郴州,2,,
1月25日,地区级,四川,成都,6,,
1月25日,地区级,海南,澄迈县,1,,
1月25日,地区级,黑龙江,大庆,2,,
1月25日,地区级,北京,大兴,1,,
1月25日,地区级,辽宁,丹东,1,,
1月25日,地区级,山东,德州,2,,
1月25日,地区级,上海,地区待确认,7,,1
1月25日,地区级,甘肃,定西,1,,
1月25日,地区级,北京,东城,1,,
1月25日,地区级,广东,东莞,1,,
1月25日,地区级,湖北,恩施州,6,,
1月25日,地区级,北京,丰台,1,,
1月25日,地区级,北京,丰台,1,,
1月25日,地区级,广东,佛山,1,,
1月25日,地区级,福建,福州,3,,
1月25日,地区级,福建,福州,4,,
1月25日,地区级,江西,抚州,2,,
1月25日,地区级,安徽,阜阳,3,,
1月25日,地区级,四川,甘孜,2,,
1月25日,地区级,江西,赣州,5,,
1月25日,地区级,广西,桂林,5,,
1月25日,地区级,黑龙江,哈尔滨,2,,
1月25日,地区级,北京,海淀,2,,
1月25日,地区级,北京,海淀,1,,
1月25日,地区级,北京,海淀,3,,
1月25日,地区级,北京,海淀,2,,
1月25日,地区级,河北,邯郸,2,,
1月25日,地区级,陕西,汉中,1,,
1月25日,地区级,浙江,杭州,15,,
1月25日,地区级,安徽,合肥,3,,
1月25日,地区级,浙江,湖州,1,,
1月25日,地区级,湖南,怀化,3,,
1月25日,地区级,江苏,淮安,1,,
1月25日,地区级,安徽,淮北,1,,
1月25日,地区级,安徽,淮南,1,,
1月25日,地区级,湖北,黄冈,58,2,2
1月25日,地区级,安徽,黄山,1,,
1月25日,地区级,广东,惠州,1,,
1月25日,地区级,江西,吉安,1,,
1月25日,地区级,山东,济南,2,,
1月25日,地区级,山东,济宁,1,,
1月25日,地区级,山东,济宁,2,,
1月25日,地区级,浙江,嘉兴,4,,
1月25日,地区级,广东,揭阳,3,,
1月25日,地区级,浙江,金华,1,,
1月25日,地区级,山西,晋中,2,,
1月25日,地区级,湖北,荆门,17,,1
1月25日,地区级,湖北,荆州,23,,2
1月25日,地区级,甘肃,兰州,2,,
1月25日,地区级,四川,乐山,1,,
1月25日,地区级,浙江,丽水,3,,
1月25日,地区级,江苏,连云港,2,,
1月25日,地区级,山东,临沂,4,,
1月25日,地区级,广西,柳州,1,,
1月25日,地区级,安徽,六安,1,,
1月25日,地区级,四川,泸州,1,,
1月25日,地区级,河南,漯河,3,,
1月25日,地区级,安徽,马鞍山,3,,
1月25日,地区级,四川,眉山,1,,
1月25日,地区级,四川,绵阳,3,,
1月25日,地区级,江西,南昌,1,,
1月25日,地区级,四川,南充,2,,
1月25日,地区级,江苏,南京,3,,
1月25日,地区级,广西,南宁,1,,
1月25日,地区级,福建,南平,1,,
1月25日,地区级,江苏,南通,1,,
1月25日,地区级,河南,南阳,7,,1
1月25日,地区级,浙江,宁波,7,,
1月25日,地区级,福建,宁德,1,,
1月25日,地区级,辽宁,盘锦,1,,
1月25日,地区级,河南,平顶山,1,,
1月25日,地区级,江西,萍乡,1,,
1月25日,地区级,福建,莆田,1,,
1月25日,地区级,黑龙江,齐齐哈尔,1,,
1月25日,地区级,山东,青岛,2,,
1月25日,地区级,广东,清远,1,,
1月25日,地区级,浙江,衢州,1,,
1月25日,地区级,福建,泉州,1,,
1月25日,地区级,福建,泉州,1,,
1月25日,地区级,山东,日照,1,,
1月25日,地区级,河南,三门峡,1,,
1月25日,地区级,福建,三明,3,,
1月25日,地区级,海南,三亚,2,,
1月25日,地区级,福建,厦门,1,,
1月25日,地区级,广东,汕头,1,,
1月25日,地区级,江西,上饶,4,,
1月25日,地区级,浙江,绍兴,1,,
1月25日,地区级,广东,深圳,7,,
1月25日,地区级,辽宁,沈阳,1,,
1月25日,地区级,湖北,十堰,15,,
1月25日,地区级,河北,石家庄,1,,
1月25日,地区级,北京,石景山,1,,
1月25日,地区级,江苏,苏州,4,,
1月25日,地区级,黑龙江,绥化,1,,
1月25日,地区级,湖北,随州,31,,
1月25日,地区级,台湾,台湾,1,,
1月25日,地区级,浙江,台州,1,,
1月25日,地区级,江苏,泰州,1,,
1月25日,地区级,湖北,天门,2,,
1月25日,地区级,北京,通州,2,,
1月25日,地区级,北京,通州,2,,
1月25日,地区级,陕西,铜川,2,,
1月25日,地区级,北京,外地来京,1,,
1月25日,地区级,山东,威海,1,,
1月25日,地区级,山东,潍坊,1,,
1月25日,地区级,浙江,温州,8,,
1月25日,地区级,江苏,无锡,1,,
1月25日,地区级,安徽,芜湖,2,,
1月25日,地区级,广西,梧州,1,,
1月25日,地区级,湖北,武汉,46,8,7
1月25日,地区级,陕西,西安,4,,
1月25日,地区级,北京,西城,1,,
1月25日,地区级,青海,西宁,3,,
1月25日,地区级,湖北,仙桃,1,,
1月25日,地区级,湖北,咸宁,43,,
1月25日,地区级,香港,香港,1,,
1月25日,地区级,湖南,湘潭,1,,
1月25日,地区级,湖南,湘西自治州,3,,
1月25日,地区级,湖北,襄阳,2,,
1月25日,地区级,湖北,孝感,29,,
1月25日,地区级,河南,新乡,2,,
1月25日,地区级,河南,信阳,17,,
1月25日,地区级,安徽,宿州,2,,
1月25日,地区级,安徽,宣城,1,,
1月25日,地区级,广东,阳江,1,,
1月25日,地区级,山西,阳泉,1,,
1月25日,地区级,新疆,伊犁州,1,,
1月25日,地区级,湖北,宜昌,19,,
1月25日,地区级,江西,宜春,4,,
1月25日,地区级,宁夏,银川,1,,
1月25日,地区级,辽宁,营口,1,,
1月25日,地区级,湖南,岳阳,1,,
1月25日,地区级,广东,湛江,2,,
1月25日,地区级,福建,漳州,1,,
1月25日,地区级,湖南,长沙,10,,
1月25日,地区级,广东,肇庆,2,,
1月25日,地区级,江苏,镇江,2,,
1月25日,地区级,河南,郑州,12,,
1月25日,地区级,河南,周口,1,,
1月25日,地区级,湖南,株洲,2,,
1月25日,地区级,河南,驻马店,5,,
1月25日,地区级,山东,淄博,1,,
1月25日,省级,安徽,,21,,
1月25日,省级,澳门,,,,
1月25日,省级,北京,,3,,
1月25日,省级,福建,,17,,
1月25日,省级,甘肃,,3,,
1月25日,省级,广东,,20,,
1月25日,省级,广西,,10,,
1月25日,省级,贵州,,1,,
1月25日,省级,海南,,5,,
1月25日,省级,河北,,5,,
1月25日,省级,河南,,51,,
1月25日,省级,黑龙江,,6,,
1月25日,省级,湖北,,323,,
1月25日,省级,湖南,,26,,
1月25日,省级,吉林,,,,
1月25日,省级,江苏,,13,,
1月25日,省级,江西,,18,,
1月25日,省级,辽宁,,5,,
1月25日,省级,内蒙古,,5,,
1月25日,省级,宁夏,,1,,
1月25日,省级,青海,,1,,
1月25日,省级,山东,,18,,
1月25日,省级,山西,,3,,
1月25日,省级,陕西,,7,,
1月25日,省级,上海,,7,,
1月25日,省级,四川,,16,,
1月25日,省级,台湾,,,,
1月25日,省级,西藏,,,,
1月25日,省级,香港,,,,
1月25日,省级,新疆,,1,,
1月25日,省级,云南,,5,,
1月25日,省级,浙江,,42,,
1月25日,国家级,,,688,,
1月25日,地区级,重庆,江北区,2,,
1月25日,地区级,重庆,铜梁区,1,,
1月25日,地区级,重庆,万州区,3,,
1月25日,地区级,重庆,巫溪县,1,,
1月25日,地区级,重庆,渝北区,2,,
1月25日,地区级,重庆,云阳县,2,,
1月25日,地区级,重庆,忠县,2,,
1月25日,省级,重庆,,18,,
1月25日,省级,天津,,2,,
1月26日,地区级,重庆,巴南区,1,,
1月26日,地区级,重庆,璧山区,1,,
1月26日,地区级,重庆,大渡口区,2,,
1月26日,地区级,重庆,垫江县,2,,
1月26日,地区级,重庆,丰都县,2,,
1月26日,地区级,重庆,合川区,1,,
1月26日,国外,澳大利亚,NA,1,,
1月26日,国外,澳大利亚,NA,1,,
1月26日,国外,韩国,NA,1,,
1月26日,国外,韩国,NA,1,,
1月26日,国外,柬埔寨,NA,1,,
1月26日,国外,柬埔寨,NA,1,,
1月26日,国外,美国,NA,2,,
1月26日,国外,美国,NA,2,,
1月26日,国外,斯里兰卡,NA,1,,
1月26日,国外,斯里兰卡,NA,1,,
1月26日,国外,泰国,NA,1,,
1月26日,国外,泰国,NA,1,,
1月26日,地区级,陕西,安康,4,,
1月26日,地区级,安徽,安庆,3,,
1月26日,地区级,河南,安阳,4,,
1月26日,地区级,澳门,澳门,1,,
1月26日,地区级,安徽,蚌埠,2,,
1月26日,地区级,内蒙古,包头,2,,
1月26日,地区级,云南,保山,1,,
1月26日,地区级,云南,保山,2,,
1月26日,地区级,广西,北海,2,,
1月26日,地区级,湖南,常德,5,,
1月26日,地区级,江苏,常州,1,,
1月26日,地区级,北京,朝阳,6,,
1月26日,地区级,湖南,郴州,3,,
1月26日,地区级,四川,成都,11,,
1月26日,地区级,海南,澄迈县,,,1
1月26日,地区级,海南,澄迈县,1,,
1月26日,地区级,四川,达州,2,,
1月26日,地区级,云南,大理,1,,
1月26日,地区级,辽宁,大连,1,,
1月26日,地区级,黑龙江,大庆,2,,
1月26日,地区级,北京,大兴,2,,
1月26日,地区级,辽宁,丹东,3,,
1月26日,地区级,海南,儋州,1,,
1月26日,地区级,海南,儋州,1,,
1月26日,地区级,云南,德宏州,2,,
1月26日,地区级,山东,德州,3,,
1月26日,地区级,上海,地区待确认,13,,
1月26日,地区级,北京,东城,1,,
1月26日,地区级,湖北,鄂州,19,,
1月26日,地区级,湖北,恩施州,8,,
1月26日,地区级,广西,防城港,1,,
1月26日,地区级,广东,佛山,4,,
1月26日,地区级,福建,福州,1,,
1月26日,地区级,福建,福州,4,,
1月26日,地区级,江西,抚州,1,,
1月26日,地区级,四川,广安,4,,
1月26日,地区级,广东,广州,2,,
1月26日,地区级,广东,广州,25,,
1月26日,地区级,广西,桂林,3,,
1月26日,地区级,北京,海淀,1,,
1月26日,地区级,海南,海口,2,,
1月26日,地区级,陕西,汉中,2,,
1月26日,地区级,山东,菏泽,1,,
1月26日,地区级,山东,菏泽,2,,
1月26日,地区级,河南,鹤壁,2,,
1月26日,地区级,湖南,衡阳,1,,
1月26日,地区级,云南,红河,1,,
1月26日,地区级,浙江,湖州,2,,
1月26日,地区级,湖南,怀化,3,,
1月26日,地区级,江苏,淮安,1,,
1月26日,地区级,安徽,淮南,1,,
1月26日,地区级,湖北,黄冈,,1,
1月26日,地区级,湖北,黄冈,,1,
1月26日,地区级,湖北,黄冈,32,,2
1月26日,地区级,湖北,黄石,5,,
1月26日,地区级,江西,吉安,1,,
1月26日,地区级,山东,济南,2,,
1月26日,地区级,黑龙江,佳木斯,1,,
1月26日,地区级,浙江,金华,2,,
1月26日,地区级,湖北,荆门,52,,2
1月26日,地区级,湖北,荆州,,1,
1月26日,地区级,湖北,荆州,14,,
1月26日,地区级,江西,景德镇,1,,
1月26日,地区级,江西,九江,2,,
1月26日,地区级,重庆,江北区,1,,
1月26日,地区级,河南,开封,1,,
1月26日,地区级,云南,昆明,3,,
1月26日,地区级,甘肃,兰州,4,,
1月26日,地区级,河北,廊坊,2,,
1月26日,地区级,云南,丽江,3,,
1月26日,地区级,四川,凉山,1,,
1月26日,地区级,山西,临汾,1,,
1月26日,地区级,甘肃,临夏,1,,
1月26日,地区级,广西,柳州,2,,
1月26日,地区级,贵州,六盘水,1,,
1月26日,地区级,甘肃,陇南,1,,
1月26日,地区级,湖南,娄底,2,,
1月26日,地区级,四川,泸州,1,,
1月26日,地区级,河南,洛阳,1,,
1月26日,地区级,河南,漯河,3,,
1月26日,地区级,山西,吕梁,1,,
1月26日,地区级,广东,梅州,2,,
1月26日,地区级,广东,梅州,1,,
1月26日,地区级,四川,绵阳,2,,
1月26日,地区级,江西,南昌,4,,
1月26日,地区级,广西,南宁,4,,
1月26日,地区级,福建,南平,1,,
1月26日,地区级,江苏,南通,2,,
1月26日,地区级,河南,南阳,4,,
1月26日,地区级,福建,宁德,3,,
1月26日,地区级,辽宁,盘锦,1,,
1月26日,地区级,河南,平顶山,3,,
1月26日,地区级,福建,莆田,1,,
1月26日,地区级,福建,莆田,8,,
1月26日,地区级,黑龙江,七台河,1,,
1月26日,地区级,湖北,潜江,5,,1
1月26日,地区级,贵州,黔南州,1,,
1月26日,地区级,山东,青岛,,1,
1月26日,地区级,山东,青岛,3,,
1月26日,地区级,山东,青岛,2,,
1月26日,地区级,浙江,衢州,2,,
1月26日,地区级,云南,曲靖,1,,
1月26日,地区级,福建,泉州,5,,
1月26日,地区级,山东,日照,1,,
1月26日,地区级,河南,三门峡,1,,
1月26日,地区级,海南,三亚,1,,
1月26日,地区级,海南,三亚,2,,
1月26日,地区级,广东,汕尾,1,,
1月26日,地区级,河南,商丘,6,,
1月26日,地区级,广东,韶关,1,,
1月26日,地区级,湖南,邵阳,6,,
1月26日,地区级,浙江,绍兴,1,,
1月26日,地区级,广东,深圳,,1,
1月26日,地区级,广东,深圳,9,,
1月26日,地区级,辽宁,沈阳,1,,
1月26日,地区级,湖北,十堰,20,,
1月26日,地区级,河北,石家庄,2,,
1月26日,地区级,黑龙江,双鸭山,1,,
1月26日,地区级,山西,朔州,2,,
1月26日,地区级,吉林,四平,1,,
1月26日,地区级,吉林,松原,1,,
1月26日,地区级,江苏,苏州,1,,
1月26日,地区级,黑龙江,绥化,1,,
1月26日,地区级,湖北,随州,16,,
1月26日,地区级,台湾,台湾,1,,
1月26日,地区级,浙江,台州,1,,
1月26日,地区级,江苏,泰州,1,,
1月26日,地区级,湖北,天门,8,,
1月26日,地区级,内蒙古,通辽,1,,
1月26日,地区级,北京,通州,1,,
1月26日,地区级,上海,外地来沪,,2,
1月26日,地区级,海南,万宁,3,,
1月26日,地区级,山东,威海,2,,
1月26日,地区级,山东,威海,3,,
1月26日,地区级,山东,潍坊,1,,
1月26日,地区级,陕西,渭南,1,,
1月26日,地区级,浙江,温州,14,,
1月26日,地区级,新疆,乌鲁木齐,1,,
1月26日,地区级,江苏,无锡,2,,
1月26日,地区级,安徽,芜湖,3,,
1月26日,地区级,湖北,武汉,80,2,18
1月26日,地区级,陕西,西安,4,,
1月26日,地区级,北京,西城,2,,
1月26日,地区级,青海,西宁,2,,
1月26日,地区级,湖北,仙桃,1,,
1月26日,地区级,湖北,咸宁,21,,
1月26日,地区级,陕西,咸阳,1,,
1月26日,地区级,香港,香港,2,,
1月26日,地区级,湖南,湘潭,1,,
1月26日,地区级,湖北,襄阳,34,,
1月26日,地区级,湖北,孝感,45,,1
1月26日,地区级,河南,新乡,1,,
1月26日,地区级,江西,新余,2,,
1月26日,地区级,河南,信阳,1,,
1月26日,地区级,河北,邢台,1,,
1月26日,地区级,内蒙古,兴安盟,1,,
1月26日,地区级,安徽,宿州,1,,
1月26日,地区级,江苏,徐州,3,,
1月26日,地区级,河南,许昌,1,,
1月26日,地区级,山东,烟台,4,,
1月26日,地区级,山东,烟台,2,,
1月26日,地区级,陕西,延安,1,,
1月26日,地区级,江苏,扬州,3,,
1月26日,地区级,广东,阳江,2,,
1月26日,地区级,四川,宜宾,1,,
1月26日,地区级,湖北,宜昌,11,,
1月26日,地区级,江西,宜春,1,,
1月26日,地区级,湖南,益阳,3,,
1月26日,地区级,宁夏,银川,3,,
1月26日,地区级,广西,玉林,1,,
1月26日,地区级,湖南,岳阳,1,,
1月26日,地区级,山东,枣庄,2,,
1月26日,地区级,广东,湛江,1,,
1月26日,地区级,甘肃,张掖,1,,
1月26日,地区级,福建,漳州,1,,
1月26日,地区级,湖南,长沙,4,,
1月26日,地区级,重庆,江津区,2,,
1月26日,地区级,云南,昭通,1,,
1月26日,地区级,河南,郑州,9,,
1月26日,地区级,广东,中山,1,,
1月26日,地区级,广东,中山,2,,
1月26日,地区级,浙江,舟山,2,,
1月26日,地区级,河南,周口,6,,
1月26日,地区级,广东,珠海,2,,
1月26日,地区级,湖南,株洲,2,,
1月26日,地区级,河南,驻马店,2,,
1月26日,地区级,四川,资阳,2,,
1月26日,地区级,山东,淄博,1,,
1月26日,地区级,四川,自贡,1,,
1月26日,省级,安徽,,10,,
1月26日,省级,澳门,,3,,
1月26日,省级,北京,,28,,
1月26日,省级,福建,,21,,
1月26日,省级,甘肃,,7,,
1月26日,省级,广东,,48,,
1月26日,省级,广西,,13,,
1月26日,省级,贵州,,2,,
1月26日,省级,海南,,9,,
1月26日,省级,河北,,5,,
1月26日,省级,河南,,45,,
1月26日,省级,黑龙江,,6,,
1月26日,省级,湖北,,371,,
1月26日,省级,湖南,,31,,
1月26日,省级,吉林,,2,,
1月26日,省级,江苏,,16,,
1月26日,省级,江西,,12,,
1月26日,省级,辽宁,,5,,
1月26日,省级,内蒙古,,4,,
1月26日,省级,宁夏,,3,,
1月26日,省级,青海,,3,,
1月26日,省级,山东,,24,,
1月26日,省级,山西,,4,,
1月26日,省级,陕西,,13,,
1月26日,省级,上海,,13,,
1月26日,省级,四川,,25,,
1月26日,省级,台湾,,1,,
1月26日,省级,西藏,,,,
1月26日,省级,香港,,3,,
1月26日,省级,新疆,,1,,
1月26日,省级,云南,,3,,
1月26日,省级,浙江,,24,,
1月26日,国家级,,,776,,
1月26日,地区级,天津,河北区,2,,
1月26日,地区级,重庆,九龙坡区,1,,
1月26日,地区级,天津,河北区,3,,
1月26日,地区级,重庆,开州区,3,,
1月26日,地区级,重庆,两江新区,4,,
1月26日,地区级,天津,河东区,2,,
1月26日,地区级,重庆,綦江区,1,,
1月26日,地区级,天津,河西区,2,,
1月26日,地区级,天津,河西区,1,,
1月26日,地区级,天津,红桥区,1,,
1月26日,地区级,重庆,潼南区,2,,
1月26日,地区级,重庆,万州区,1,,
1月26日,地区级,重庆,巫山县,2,,
1月26日,地区级,重庆,巫溪县,2,,
1月26日,地区级,天津,外地来津,1,,
1月26日,地区级,重庆,渝北区,1,,
1月26日,地区级,重庆,云阳县,4,,
1月26日,地区级,重庆,长寿区,1,,
1月26日,地区级,重庆,忠县,1,,
1月26日,省级,重庆,,35,,
1月26日,省级,天津,,4,,
1月27日,地区级,重庆,垫江县,1,,
1月27日,地区级,重庆,合川区,1,,
1月27日,地区级,重庆,江北区,1,,
1月27日,国外,德国,NA,1,,
1月27日,国外,德国,NA,1,,
1月27日,国外,日本,NA,1,,
1月27日,国外,日本,NA,2,,
1月27日,国外,日本,NA,1,,
1月27日,国外,日本,NA,2,,
1月27日,国外,泰国,NA,6,,
1月27日,国外,泰国,NA,,3,
1月27日,国外,泰国,NA,6,,
1月27日,国外,泰国,NA,,3,
1月27日,国外,新加坡,NA,3,,
1月27日,国外,新加坡,NA,3,,
1月27日,地区级,陕西,安康,1,,
1月27日,地区级,河南,安阳,4,,
1月27日,地区级,澳门,澳门,1,,
1月27日,地区级,内蒙古,包头,1,,
1月27日,地区级,陕西,宝鸡,3,,
1月27日,地区级,云南,保山,1,,
1月27日,地区级,广西,北海,2,,
1月27日,地区级,山东,滨州,1,,
1月27日,地区级,安徽,亳州,2,,
1月27日,地区级,河北,沧州,3,,
1月27日,地区级,湖南,常德,7,,
1月27日,地区级,江苏,常州,2,,
1月27日,地区级,湖南,郴州,1,,
1月27日,地区级,四川,成都,4,,
1月27日,地区级,内蒙古,赤峰,1,,
1月27日,地区级,安徽,滁州,2,,
1月27日,地区级,云南,大理,1,,
1月27日,地区级,北京,大兴,2,,
1月27日,地区级,辽宁,丹东,1,,
1月27日,地区级,山东,德州,2,,
1月27日,地区级,北京,地区待确认,,,1
1月27日,地区级,上海,地区待确认,,1,
1月27日,地区级,海南,东方,1,,
1月27日,地区级,湖北,鄂州,37,,
1月27日,地区级,湖北,恩施州,13,,
1月27日,地区级,广西,防城港,,1,
1月27日,地区级,北京,丰台,3,,
1月27日,地区级,广东,佛山,4,,
1月27日,地区级,福建,福州,6,,
1月27日,地区级,江西,抚州,1,,
1月27日,地区级,安徽,阜阳,11,,
1月27日,地区级,四川,甘孜,1,,
1月27日,地区级,江西,赣州,3,,
1月27日,地区级,吉林,公主岭,1,,
1月27日,地区级,四川,广安,1,,
1月27日,地区级,广东,广州,10,,
1月27日,地区级,广西,桂林,1,,
1月27日,地区级,黑龙江,哈尔滨,2,,
1月27日,地区级,北京,海淀,4,,
1月27日,地区级,海南,海口,1,,
1月27日,地区级,河北,邯郸,2,,
1月27日,地区级,陕西,汉中,1,,
1月27日,地区级,浙江,杭州,5,,
1月27日,地区级,安徽,合肥,3,,
1月27日,地区级,山东,菏泽,1,,
1月27日,地区级,河北,衡水,2,,
1月27日,地区级,湖南,衡阳,3,,
1月27日,地区级,内蒙古,呼和浩特,2,,
1月27日,地区级,湖南,怀化,5,,
1月27日,地区级,安徽,淮北,1,,
1月27日,地区级,湖北,黄冈,59,,
1月27日,地区级,上海,黄浦,1,,
1月27日,地区级,安徽,黄山,3,,
1月27日,地区级,湖北,黄石,17,,
1月27日,地区级,广东,惠州,3,,
1月27日,地区级,江西,吉安,,1,
1月27日,地区级,吉林,吉林,1,,
1月27日,地区级,山东,济南,3,,
1月27日,地区级,黑龙江,佳木斯,2,,
1月27日,地区级,浙江,嘉兴,3,,
1月27日,地区级,河南,焦作,2,,
1月27日,地区级,广东,揭阳,1,,
1月27日,地区级,甘肃,金昌,1,,
1月27日,地区级,浙江,金华,2,,
1月27日,地区级,辽宁,锦州,4,,
1月27日,地区级,山西,晋中,3,,
1月27日,地区级,湖北,荆门,24,,
1月27日,地区级,湖北,荆州,24,,
1月27日,地区级,江西,九江,5,,
1月27日,地区级,河南,开封,1,,
1月27日,地区级,重庆,九龙坡区,1,,
1月27日,地区级,云南,昆明,5,,
1月27日,地区级,甘肃,兰州,3,,
1月27日,地区级,河北,廊坊,4,,
1月27日,地区级,四川,乐山,1,,
1月27日,地区级,云南,丽江,1,,
1月27日,地区级,浙江,丽水,2,,
1月27日,地区级,四川,凉山,1,,
1月27日,地区级,辽宁,辽阳,1,,
1月27日,地区级,山东,聊城,2,,
1月27日,地区级,山东,临沂,1,,
1月27日,地区级,安徽,六安,1,,
1月27日,地区级,福建,龙岩,1,,
1月27日,地区级,湖南,娄底,2,,
1月27日,地区级,四川,泸州,1,,
1月27日,地区级,河南,漯河,3,,
1月27日,地区级,山西,吕梁,2,,
1月27日,地区级,安徽,马鞍山,3,,
1月27日,地区级,四川,绵阳,1,,
1月27日,地区级,江西,南昌,9,,
1月27日,地区级,四川,南充,2,,
1月27日,地区级,江苏,南京,3,,
1月27日,地区级,福建,南平,1,,
1月27日,地区级,江苏,南通,2,,
1月27日,地区级,河南,南阳,7,,
1月27日,地区级,四川,内江,2,,
1月27日,地区级,浙江,宁波,4,,
1月27日,地区级,江西,萍乡,,1,
1月27日,地区级,福建,莆田,4,,
1月27日,地区级,上海,浦东,2,,
1月27日,地区级,黑龙江,七台河,1,,
1月27日,地区级,黑龙江,齐齐哈尔,1,,
1月27日,地区级,黑龙江,齐齐哈尔,1,,
1月27日,地区级,湖北,潜江,2,,
1月27日,地区级,贵州,黔南州,2,,
1月27日,地区级,山东,青岛,2,,
1月27日,地区级,广东,清远,2,,
1月27日,地区级,海南,琼海,1,,
1月27日,地区级,海南,琼中县,1,,
1月27日,地区级,福建,泉州,3,,
1月27日,地区级,山东,日照,1,,
1月27日,地区级,福建,三明,4,,
1月27日,地区级,海南,三亚,3,,
1月27日,地区级,福建,厦门,1,,
1月27日,地区级,广东,汕头,3,,
1月27日,地区级,陕西,商洛,1,,
1月27日,地区级,河南,商丘,1,,
1月27日,地区级,江西,上饶,1,,
1月27日,地区级,湖南,邵阳,3,,
1月27日,地区级,浙江,绍兴,1,,
1月27日,地区级,广东,深圳,,1,
1月27日,地区级,广东,深圳,13,,
1月27日,地区级,湖北,神农架,1,,
1月27日,地区级,辽宁,沈阳,1,,
1月27日,地区级,湖北,十堰,25,,
1月27日,地区级,新疆,石河子,2,,
1月27日,地区级,河北,石家庄,2,,
1月27日,地区级,北京,顺义,1,,
1月27日,地区级,江苏,苏州,4,,
1月27日,地区级,黑龙江,绥化,5,,
1月27日,地区级,湖北,随州,18,,
1月27日,地区级,四川,遂宁,1,,
1月27日,地区级,台湾,台湾,1,,
1月27日,地区级,台湾,台湾,2,,
1月27日,地区级,山西,太原,1,,
1月27日,地区级,山东,泰安,1,,
1月27日,地区级,江苏,泰州,2,,
1月27日,地区级,河北,唐山,1,,
1月27日,地区级,湖北,天门,10,,2
1月27日,地区级,甘肃,天水,1,,
1月27日,地区级,安徽,铜陵,6,,
1月27日,地区级,新疆,吐鲁番,1,,
1月27日,地区级,上海,外地来沪,10,,
1月27日,地区级,北京,外地来京,,2,
1月27日,地区级,山东,威海,1,,
1月27日,地区级,陕西,渭南,2,,
1月27日,地区级,浙江,温州,,2,
1月27日,地区级,浙江,温州,28,,
1月27日,地区级,新疆,乌鲁木齐,1,,
1月27日,地区级,江苏,无锡,2,,
1月27日,地区级,安徽,芜湖,3,,
1月27日,地区级,宁夏,吴忠,2,,
1月27日,地区级,广西,梧州,,1,
1月27日,地区级,广西,梧州,2,,
1月27日,地区级,湖北,武汉,,3,
1月27日,地区级,湖北,武汉,892,,22
1月27日,地区级,陕西,西安,3,,
1月27日,地区级,北京,西城,1,,
1月27日,地区级,云南,西双版纳州,5,,
1月27日,地区级,湖北,仙桃,15,,
1月27日,地区级,湖北,咸宁,27,,
1月27日,地区级,湖南,湘潭,2,,
1月27日,地区级,湖北,襄阳,34,,
1月27日,地区级,湖北,孝感,73,,
1月27日,地区级,河南,新乡,2,,
1月27日,地区级,江西,新余,,1,
1月27日,地区级,河南,信阳,6,,
1月27日,地区级,河北,邢台,1,,
1月27日,地区级,江苏,宿迁,2,,
1月27日,地区级,江苏,徐州,5,,
1月27日,地区级,河南,许昌,1,,
1月27日,地区级,安徽,宣城,1,,
1月27日,地区级,四川,雅安,1,,
1月27日,地区级,山东,烟台,2,,
1月27日,地区级,江苏,扬州,1,,
1月27日,地区级,新疆,伊犁州,1,,
1月27日,地区级,湖北,宜昌,20,,
1月27日,地区级,江西,宜春,4,,
1月27日,地区级,湖南,益阳,3,,
1月27日,地区级,宁夏,银川,2,,
1月27日,地区级,江西,鹰潭,1,,
1月27日,地区级,湖南,永州,3,,
1月27日,地区级,云南,玉溪,4,,
1月27日,地区级,湖南,岳阳,10,,
1月27日,地区级,山西,运城,1,,
1月27日,地区级,山东,枣庄,3,,
1月27日,地区级,福建,漳州,1,,
1月27日,地区级,湖南,长沙,2,,
1月27日,地区级,重庆,开州区,2,,
1月27日,地区级,云南,昭通,1,,
1月27日,地区级,河南,郑州,8,,
1月27日,地区级,广东,中山,1,,
1月27日,地区级,河南,周口,4,,
1月27日,地区级,湖南,株洲,2,,
1月27日,地区级,河南,驻马店,1,,
1月27日,地区级,四川,自贡,5,,
1月27日,省级,安徽,,36,,
1月27日,省级,澳门,,2,,
1月27日,省级,北京,,13,,
1月27日,省级,福建,,15,,
1月27日,省级,甘肃,,5,,
1月27日,省级,广东,,42,,
1月27日,省级,广西,,5,,
1月27日,省级,贵州,,2,,
1月27日,省级,海南,,9,,
1月27日,省级,河北,,15,,
1月27日,省级,河南,,40,,
1月27日,省级,黑龙江,,9,,
1月27日,省级,湖北,,1291,,
1月27日,省级,湖南,,43,,
1月27日,省级,吉林,,2,,
1月27日,省级,江苏,,23,,
1月27日,省级,江西,,24,,
1月27日,省级,辽宁,,8,,
1月27日,省级,内蒙古,,2,,
1月27日,省级,宁夏,,4,,
1月27日,省级,青海,,2,,
1月27日,省级,山东,,24,,
1月27日,省级,山西,,7,,
1月27日,省级,陕西,,11,,
1月27日,省级,上海,,13,,
1月27日,省级,四川,,21,,
1月27日,省级,台湾,,1,,
1月27日,省级,西藏,,,,
1月27日,省级,香港,,,,
1月27日,省级,新疆,,5,,
1月27日,省级,云南,,25,,
1月27日,省级,浙江,,45,,
1月27日,国家级,,,1774,,
1月27日,地区级,重庆,两江新区,1,,
1月27日,地区级,天津,河东区,1,,
1月27日,地区级,重庆,南岸区,1,,
1月27日,地区级,重庆,綦江区,1,,
1月27日,地区级,重庆,黔江区,1,,
1月27日,地区级,重庆,石柱县,3,,
1月27日,地区级,重庆,铜梁区,1,,
1月27日,地区级,重庆,万州区,1,,
1月27日,地区级,天津,西青区,1,,
1月27日,地区级,重庆,渝北区,1,,
1月27日,地区级,重庆,云阳县,2,,
1月27日,地区级,重庆,长寿区,1,,
1月27日,地区级,重庆,忠县,3,,
1月27日,省级,重庆,,22,,
1月27日,省级,天津,,9,,
1月28日,地区级,重庆,璧山区,1,,
1月28日,地区级,重庆,奉节县,1,,
1月28日,地区级,重庆,合川区,1,,
1月28日,地区级,天津,和平区,1,,
1月28日,地区级,重庆,江北区,1,,
1月28日,地区级,重庆,开州区,2,,
1月28日,国外,阿联酋,NA,3,,
1月28日,国外,阿联酋,NA,1,,
1月28日,国外,阿联酋,NA,3,,
1月28日,国外,阿联酋,NA,1,,
1月28日,国外,澳大利亚,NA,1,,
1月28日,国外,澳大利亚,NA,1,,
1月28日,国外,澳大利亚,NA,1,,
1月28日,国外,澳大利亚,NA,1,,
1月28日,国外,德国,NA,3,,
1月28日,国外,德国,NA,3,,
1月28日,国外,法国,NA,1,,
1月28日,国外,法国,NA,1,,
1月28日,国外,加拿大,NA,1,,
1月28日,国外,加拿大,NA,1,,
1月28日,国外,马来西亚,NA,3,,
1月28日,国外,马来西亚,NA,3,,
1月28日,国外,日本,NA,1,,
1月28日,国外,日本,NA,1,,
1月28日,国外,新加坡,NA,3,,
1月28日,国外,新加坡,NA,3,,
1月28日,地区级,陕西,安康,2,,
1月28日,地区级,安徽,安庆,6,,
1月28日,地区级,河南,安阳,3,,
1月28日,地区级,内蒙古,巴彦淖尔,1,,
1月28日,地区级,四川,巴中,2,,
1月28日,地区级,陕西,宝鸡,1,,
1月28日,地区级,上海,宝山,1,,
1月28日,地区级,河北,保定,3,,
1月28日,地区级,广西,北海,2,,
1月28日,地区级,山东,滨州,1,,
1月28日,地区级,山东,滨州,2,,
1月28日,地区级,安徽,亳州,,1,
1月28日,地区级,安徽,亳州,7,,
1月28日,地区级,河北,沧州,3,,
1月28日,地区级,北京,昌平,1,,
1月28日,地区级,湖南,常德,7,,
1月28日,地区级,北京,朝阳,2,,
1月28日,地区级,北京,朝阳,2,,
1月28日,地区级,辽宁,朝阳市,1,,
1月28日,地区级,辽宁,朝阳市,1,,
1月28日,地区级,四川,成都,,,1
1月28日,地区级,四川,成都,,1,
1月28日,地区级,四川,成都,9,,
1月28日,地区级,四川,达州,1,,
1月28日,地区级,辽宁,大连,,1,
1月28日,地区级,山西,大同,2,,
1月28日,地区级,北京,大兴,3,,
1月28日,地区级,黑龙江,大兴安岭,1,,
1月28日,地区级,四川,德阳,1,,
1月28日,地区级,山东,德州,3,,
1月28日,地区级,上海,地区待确认,,1,
1月28日,地区级,广东,东莞,5,,
1月28日,地区级,湖北,鄂州,27,,1
1月28日,地区级,湖北,恩施州,13,,
1月28日,地区级,广西,防城港,2,,
1月28日,地区级,北京,丰台,2,,
1月28日,地区级,北京,丰台,1,,
1月28日,地区级,上海,奉贤,4,,
1月28日,地区级,江西,抚州,1,,
1月28日,地区级,安徽,阜阳,2,,
1月28日,地区级,江西,赣州,6,,
1月28日,地区级,四川,广元,1,,
1月28日,地区级,广东,广州,12,,
1月28日,地区级,贵州,贵阳,,1,
1月28日,地区级,广西,桂林,1,,
1月28日,地区级,黑龙江,哈尔滨,1,,
1月28日,地区级,北京,海淀,1,,
1月28日,地区级,北京,海淀,2,,
1月28日,地区级,海南,海口,2,,
1月28日,地区级,陕西,汉中,2,,
1月28日,地区级,浙江,杭州,19,,
1月28日,地区级,安徽,合肥,,1,
1月28日,地区级,安徽,合肥,13,,
1月28日,地区级,广东,河源,1,,
1月28日,地区级,山东,菏泽,2,,
1月28日,地区级,河南,鹤壁,3,,
1月28日,地区级,黑龙江,鹤岗,1,,
1月28日,地区级,河北,衡水,1,,
1月28日,地区级,湖南,衡阳,10,,
1月28日,地区级,辽宁,葫芦岛,1,,
1月28日,地区级,辽宁,葫芦岛,1,,
1月28日,地区级,浙江,湖州,2,,
1月28日,地区级,湖南,怀化,2,,
1月28日,地区级,江苏,淮安,1,,
1月28日,地区级,湖北,黄冈,111,,1
1月28日,地区级,上海,黄浦,1,,
1月28日,地区级,安徽,黄山,3,,
1月28日,地区级,湖北,黄石,33,,
1月28日,地区级,广东,惠州,,1,
1月28日,地区级,广东,惠州,1,,
1月28日,地区级,黑龙江,鸡西,1,,
1月28日,地区级,江西,吉安,1,,
1月28日,地区级,山东,济南,1,,
1月28日,地区级,黑龙江,佳木斯,2,,
1月28日,地区级,上海,嘉定,1,,
1月28日,地区级,浙江,嘉兴,3,,
1月28日,地区级,广东,揭阳,2,,
1月28日,地区级,浙江,金华,6,,
1月28日,地区级,上海,金山,1,,
1月28日,地区级,山西,晋中,4,,
1月28日,地区级,湖北,荆门,28,,1
1月28日,地区级,湖北,荆州,30,,
1月28日,地区级,上海,静安,2,,
1月28日,地区级,江西,九江,7,,
1月28日,地区级,河南,开封,1,,
1月28日,地区级,云南,昆明,3,,
1月28日,地区级,甘肃,兰州,3,,
1月28日,地区级,河北,廊坊,3,,
1月28日,地区级,浙江,丽水,,1,
1月28日,地区级,浙江,丽水,1,,
1月28日,地区级,山东,聊城,1,,
1月28日,地区级,山东,临沂,1,,
1月28日,地区级,山东,临沂,7,,
1月28日,地区级,安徽,六安,2,,
1月28日,地区级,湖南,娄底,4,,
1月28日,地区级,四川,泸州,1,,
1月28日,地区级,安徽,马鞍山,1,,
1月28日,地区级,广东,茂名,2,,
1月28日,地区级,广东,梅州,1,,
1月28日,地区级,北京,门头沟,1,,
1月28日,地区级,江西,南昌,8,,
1月28日,地区级,四川,南充,1,,
1月28日,地区级,江苏,南京,4,,
1月28日,地区级,广西,南宁,2,,
1月28日,地区级,河南,南阳,5,,
1月28日,地区级,四川,内江,1,,
1月28日,地区级,浙江,宁波,3,,
1月28日,地区级,福建,宁德,1,,
1月28日,地区级,甘肃,平凉,1,,
1月28日,地区级,河南,濮阳,1,,
1月28日,地区级,上海,浦东,3,,
1月28日,地区级,云南,普洱,1,,
1月28日,地区级,湖北,潜江,1,,
1月28日,地区级,山东,青岛,2,,
1月28日,地区级,广东,清远,1,,
1月28日,地区级,浙江,衢州,3,,
1月28日,地区级,云南,曲靖,3,,
1月28日,地区级,山东,日照,1,,
1月28日,地区级,山东,日照,1,,
1月28日,地区级,河南,三门峡,1,,
1月28日,地区级,福建,三明,1,,
1月28日,地区级,海南,三亚,,1,
1月28日,地区级,福建,厦门,1,,
1月28日,地区级,广东,汕头,1,,
1月28日,地区级,河南,商丘,7,,
1月28日,地区级,江西,上饶,2,,
1月28日,地区级,湖南,邵阳,8,,
1月28日,地区级,浙江,绍兴,12,,
1月28日,地区级,广东,深圳,,1,
1月28日,地区级,广东,深圳,14,,
1月28日,地区级,湖北,神农架,2,,
1月28日,地区级,辽宁,沈阳,1,,
1月28日,地区级,湖北,十堰,23,,
1月28日,地区级,河北,石家庄,1,,
1月28日,地区级,上海,松江,1,,
1月28日,地区级,江苏,苏州,8,,
1月28日,地区级,湖北,随州,46,,
1月28日,地区级,浙江,台州,18,,
1月28日,地区级,山西,太原,,1,
1月28日,地区级,山东,泰安,2,,
1月28日,地区级,江苏,泰州,4,,
1月28日,地区级,河北,唐山,2,,
1月28日,地区级,湖北,天门,11,,1
1月28日,地区级,吉林,通化,1,,
1月28日,地区级,北京,通州,1,,
1月28日,地区级,上海,外地来沪,7,,
1月28日,地区级,上海,外地来沪,7,,
1月28日,地区级,海南,万宁,1,,
1月28日,地区级,山东,威海,1,,
1月28日,地区级,山东,威海,1,,
1月28日,地区级,山东,潍坊,2,,
1月28日,地区级,浙江,温州,54,,
1月28日,地区级,新疆,乌鲁木齐,1,,
1月28日,地区级,江苏,无锡,3,,
1月28日,地区级,安徽,芜湖,2,,
1月28日,地区级,宁夏,吴忠,1,,
1月28日,地区级,湖北,武汉,,4,
1月28日,地区级,湖北,武汉,,26,
1月28日,地区级,湖北,武汉,315,,19
1月28日,地区级,陕西,西安,3,,
1月28日,地区级,北京,西城,3,,
1月28日,地区级,北京,西城,1,,
1月28日,地区级,云南,西双版纳州,4,,
1月28日,地区级,湖北,仙桃,5,,
1月28日,地区级,湖北,咸宁,21,,
1月28日,地区级,陕西,咸阳,1,,
1月28日,地区级,香港,香港,2,,
1月28日,地区级,湖南,湘潭,2,,
1月28日,地区级,湖北,襄阳,61,,
1月28日,地区级,湖北,孝感,101,,2
1月28日,地区级,河南,新乡,1,,
1月28日,地区级,江西,新余,8,,
1月28日,地区级,河南,信阳,3,,
1月28日,地区级,河北,邢台,1,,
1月28日,地区级,江苏,宿迁,1,,
1月28日,地区级,安徽,宿松,4,,
1月28日,地区级,安徽,宿州,6,,
1月28日,地区级,上海,徐汇,2,,
1月28日,地区级,山东,烟台,2,,
1月28日,地区级,陕西,延安,1,,
1月28日,地区级,江苏,盐城,5,,
1月28日,地区级,江苏,扬州,3,,
1月28日,地区级,广东,阳江,2,,
1月28日,地区级,新疆,伊犁州,2,,
1月28日,地区级,四川,宜宾,1,,
1月28日,地区级,湖北,宜昌,12,,
1月28日,地区级,江西,宜春,4,,
1月28日,地区级,湖南,益阳,4,,
1月28日,地区级,湖南,永州,4,,
1月28日,地区级,湖南,岳阳,9,,
1月28日,地区级,山西,运城,1,,
1月28日,地区级,山东,枣庄,3,,
1月28日,地区级,广东,湛江,2,,
1月28日,地区级,河北,张家口,1,,
1月28日,地区级,甘肃,张掖,1,,
1月28日,地区级,福建,漳州,1,,
1月28日,地区级,湖南,长沙,22,,
1月28日,地区级,广东,肇庆,1,,
1月28日,地区级,河南,郑州,3,,
1月28日,地区级,广东,中山,6,,
1月28日,地区级,浙江,舟山,2,,
1月28日,地区级,河南,周口,4,,
1月28日,地区级,广东,珠海,2,,
1月28日,地区级,湖南,株洲,6,,
1月28日,地区级,河南,驻马店,6,,
1月28日,地区级,山东,淄博,2,,
1月28日,省级,安徽,,46,,
1月28日,省级,澳门,,,,
1月28日,省级,北京,,11,,
1月28日,省级,福建,,11,,
1月28日,省级,甘肃,,5,,
1月28日,省级,广东,,53,,
1月28日,省级,广西,,7,,
1月28日,省级,贵州,,,,
1月28日,省级,海南,,3,,
1月28日,省级,河北,,15,,
1月28日,省级,河南,,38,,
1月28日,省级,黑龙江,,7,,
1月28日,省级,湖北,,840,,
1月28日,省级,湖南,,78,,
1月28日,省级,吉林,,1,,
1月28日,省级,江苏,,29,,
1月28日,省级,江西,,37,,
1月28日,省级,辽宁,,6,,
1月28日,省级,内蒙古,,2,,
1月28日,省级,宁夏,,1,,
1月28日,省级,青海,,,,
1月28日,省级,山东,,34,,
1月28日,省级,山西,,7,,
1月28日,省级,陕西,,10,,
1月28日,省级,上海,,14,,
1月28日,省级,四川,,18,,
1月28日,省级,台湾,,3,,
1月28日,省级,西藏,,,,
1月28日,省级,香港,,,,
1月28日,省级,新疆,,3,,
1月28日,省级,云南,,7,,
1月28日,省级,浙江,,123,,
1月28日,国家级,,,1462,,
1月28日,地区级,重庆,綦江区,2,,
1月28日,地区级,重庆,石柱县,1,,
1月28日,地区级,重庆,万州区,2,,
1月28日,地区级,天津,外地来津,1,,
1月28日,地区级,天津,外地来津,1,,
1月28日,地区级,重庆,渝中区,1,,
1月28日,地区级,重庆,云阳县,1,,
1月28日,地区级,重庆,忠县,2,,
1月28日,省级,重庆,,15,,
1月28日,省级,天津,,1,,
1月29日,地区级,重庆,大足区,2,,
1月29日,地区级,重庆,大足区,1,,
1月29日,地区级,重庆,垫江县,3,,
1月29日,地区级,重庆,合川区,1,,
1月29日,地区级,天津,和平区,1,,
1月29日,地区级,重庆,江北区,2,,
1月29日,地区级,重庆,江北区,1,,
1月29日,地区级,重庆,江津区,1,,
1月29日,地区级,天津,河北区,1,,
1月29日,地区级,重庆,开州区,1,,
1月29日,地区级,重庆,开州区,2,,
1月29日,地区级,重庆,梁平区,1,,
1月29日,国外,澳大利亚,NA,1,,
1月29日,国外,澳大利亚,NA,,2,
1月29日,国外,澳大利亚,NA,1,,
1月29日,国外,澳大利亚,NA,,2,
1月29日,国外,法国,NA,1,,
1月29日,国外,法国,NA,1,,
1月29日,国外,菲律宾,NA,1,,
1月29日,国外,菲律宾,NA,1,,
1月29日,国外,芬兰,NA,1,,
1月29日,国外,芬兰,NA,1,,
1月29日,国外,韩国,NA,2,,
1月29日,国外,韩国,NA,2,,
1月29日,国外,加拿大,NA,1,,
1月29日,国外,加拿大,NA,1,,
1月29日,国外,马来西亚,NA,1,,
1月29日,国外,马来西亚,NA,1,,
1月29日,国外,日本,NA,3,,
1月29日,国外,日本,NA,3,,
1月29日,国外,印度,NA,1,,
1月29日,国外,印度,NA,1,,
1月29日,国外,越南,NA,3,,
1月29日,国外,越南,NA,3,,
1月29日,地区级,安徽,安庆,4,,
1月29日,地区级,河南,安阳,2,,
1月29日,地区级,内蒙古,巴彦淖尔,1,,
1月29日,地区级,四川,巴中,2,,
1月29日,地区级,安徽,蚌埠,5,,
1月29日,地区级,河北,保定,1,,
1月29日,地区级,云南,保山,1,,
1月29日,地区级,广西,北海,2,,
1月29日,地区级,辽宁,本溪,1,,
1月29日,地区级,贵州,毕节,1,,
1月29日,地区级,山东,滨州,2,,
1月29日,地区级,安徽,亳州,5,,
1月29日,地区级,河北,沧州,4,,
1月29日,地区级,北京,昌平,1,,
1月29日,地区级,湖南,常德,4,,
1月29日,地区级,江苏,常州,2,,
1月29日,地区级,湖南,郴州,,1,
1月29日,地区级,湖南,郴州,3,,
1月29日,地区级,四川,成都,13,,
1月29日,地区级,河北,承德,1,,
1月29日,地区级,安徽,池州,1,,
1月29日,地区级,四川,达州,2,,
1月29日,地区级,云南,大理,1,,
1月29日,地区级,山西,大同,1,,
1月29日,地区级,四川,德阳,1,,
1月29日,地区级,山东,德州,4,,
1月29日,地区级,北京,地区待确认,,1,
1月29日,地区级,甘肃,定西,1,,
1月29日,地区级,广东,东莞,4,,
1月29日,地区级,内蒙古,鄂尔多斯,1,,
1月29日,地区级,湖北,鄂州,39,,1
1月29日,地区级,湖北,恩施州,15,,
1月29日,地区级,北京,丰台,1,,
1月29日,地区级,广东,佛山,7,,
1月29日,地区级,福建,福州,6,,
1月29日,地区级,江西,抚州,4,,
1月29日,地区级,安徽,阜阳,5,,
1月29日,地区级,四川,甘孜,2,,
1月29日,地区级,江西,赣州,5,,
1月29日,地区级,四川,广安,2,,
1月29日,地区级,四川,广元,2,,
1月29日,地区级,广东,广州,,2,
1月29日,地区级,广东,广州,15,,
1月29日,地区级,广东,广州,,1,
1月29日,地区级,广东,广州,16,,
1月29日,地区级,广西,桂林,2,,
1月29日,地区级,黑龙江,哈尔滨,2,,
1月29日,地区级,河北,邯郸,2,,
1月29日,地区级,陕西,韩城,1,,
1月29日,地区级,浙江,杭州,18,,
1月29日,地区级,安徽,合肥,10,,
1月29日,地区级,广西,河池,2,,
1月29日,地区级,广西,贺州,1,,
1月29日,地区级,河南,鹤壁,1,,
1月29日,地区级,河北,衡水,1,,
1月29日,地区级,湖南,衡阳,3,,
1月29日,地区级,云南,红河,2,,
1月29日,地区级,河南,滑县,1,,
1月29日,地区级,湖南,怀化,5,,
1月29日,地区级,北京,怀柔,1,,
1月29日,地区级,江苏,淮安,4,,
1月29日,地区级,安徽,淮南,4,,
1月29日,地区级,湖北,黄冈,172,3,7
1月29日,地区级,上海,黄浦,1,,
1月29日,地区级,湖北,黄石,27,,
1月29日,地区级,广东,惠州,5,,
1月29日,地区级,江西,吉安,1,,
1月29日,地区级,山东,济南,3,,
1月29日,地区级,山东,济宁,3,,
1月29日,地区级,浙江,嘉兴,2,,
1月29日,地区级,广东,江门,1,,
1月29日,地区级,浙江,金华,7,,
1月29日,地区级,湖北,荆门,49,,
1月29日,地区级,湖北,荆州,50,,1
1月29日,地区级,上海,静安,1,,
1月29日,地区级,江西,九江,15,,
1月29日,地区级,河南,开封,1,,
1月29日,地区级,云南,昆明,6,,
1月29日,地区级,西藏,拉萨,1,,
1月29日,地区级,江苏,连云港,3,,
1月29日,地区级,重庆,南岸区,1,,
1月29日,地区级,山东,聊城,1,,
1月29日,地区级,宁夏,灵武,1,,
1月29日,地区级,海南,陵水县,1,,
1月29日,地区级,广西,柳州,4,,
1月29日,地区级,安徽,六安,,1,
1月29日,地区级,安徽,六安,2,,
1月29日,地区级,湖南,娄底,3,,
1月29日,地区级,河南,漯河,2,,
1月29日,地区级,山西,吕梁,1,,
1月29日,地区级,安徽,马鞍山,3,,
1月29日,地区级,广东,茂名,1,,
1月29日,地区级,四川,眉山,1,,
1月29日,地区级,广东,梅州,1,,
1月29日,地区级,四川,绵阳,1,,
1月29日,地区级,上海,闵行,1,,
1月29日,地区级,上海,闵行,1,,
1月29日,地区级,江西,南昌,21,,
1月29日,地区级,四川,南充,4,,
1月29日,地区级,江苏,南京,5,,
1月29日,地区级,广西,南宁,8,,
1月29日,地区级,江苏,南通,3,,
1月29日,地区级,河南,南阳,20,,
1月29日,地区级,浙江,宁波,21,,
1月29日,地区级,福建,宁德,1,,
1月29日,地区级,辽宁,盘锦,1,,
1月29日,地区级,河南,平顶山,3,,
1月29日,地区级,江西,萍乡,3,,
1月29日,地区级,福建,莆田,3,,
1月29日,地区级,上海,浦东,4,,
1月29日,地区级,上海,浦东,1,,
1月29日,地区级,云南,普洱,2,,
1月29日,地区级,湖北,潜江,2,,
1月29日,地区级,贵州,黔东南州,1,,
1月29日,地区级,广西,钦州,1,,
1月29日,地区级,山东,青岛,3,,
1月29日,地区级,山东,青岛,1,,
1月29日,地区级,广东,清远,,1,
1月29日,地区级,海南,琼海,2,,
1月29日,地区级,浙江,衢州,2,,
1月29日,地区级,福建,泉州,5,,
1月29日,地区级,山东,日照,1,,
1月29日,地区级,河南,三门峡,1,,
1月29日,地区级,福建,三明,1,,
1月29日,地区级,福建,厦门,1,,
1月29日,地区级,广东,汕头,6,,
1月29日,地区级,河南,商丘,4,,
1月29日,地区级,江西,上饶,2,,
1月29日,地区级,湖南,邵阳,10,,
1月29日,地区级,广东,深圳,12,,
1月29日,地区级,广东,深圳,23,,
1月29日,地区级,湖北,神农架,2,,
1月29日,地区级,湖北,十堰,31,,
1月29日,地区级,河北,石家庄,1,,
1月29日,地区级,山西,朔州,1,,
1月29日,地区级,吉林,四平,-2,,
1月29日,地区级,吉林,四平,2,,
1月29日,地区级,上海,松江,2,,
1月29日,地区级,江苏,苏州,4,,
1月29日,地区级,黑龙江,绥化,2,,
1月29日,地区级,湖北,随州,27,,
1月29日,地区级,四川,遂宁,1,,
1月29日,地区级,浙江,台州,24,,
1月29日,地区级,江苏,泰州,1,,
1月29日,地区级,湖北,天门,10,,
1月29日,地区级,甘肃,天水,1,,
1月29日,地区级,安徽,铜陵,1,,
1月29日,地区级,上海,外地来沪,3,,
1月29日,地区级,上海,外地来沪,1,,
1月29日,地区级,山东,威海,2,,
1月29日,地区级,山东,潍坊,2,,
1月29日,地区级,陕西,渭南,1,,
1月29日,地区级,浙江,温州,,4,
1月29日,地区级,浙江,温州,58,,
1月29日,地区级,新疆,乌鲁木齐,1,,
1月29日,地区级,江苏,无锡,1,,
1月29日,地区级,安徽,芜湖,3,,
1月29日,地区级,宁夏,吴忠,2,,
1月29日,地区级,湖北,武汉,356,7,25
1月29日,地区级,陕西,西安,4,,
1月29日,地区级,青海,西宁,,,
1月29日,地区级,湖北,仙桃,23,,
1月29日,地区级,湖北,咸宁,18,,
1月29日,地区级,湖南,湘潭,1,,
1月29日,地区级,湖南,湘西自治州,1,,
1月29日,地区级,湖北,襄阳,32,,
1月29日,地区级,湖北,孝感,125,,3
1月29日,地区级,河南,新乡,4,,
1月29日,地区级,江西,新余,,1,
1月29日,地区级,河南,信阳,10,,
1月29日,地区级,河北,邢台,2,,
1月29日,地区级,安徽,宿松,2,,
1月29日,地区级,安徽,宿州,1,,
1月29日,地区级,江苏,徐州,7,,
1月29日,地区级,河南,许昌,1,,
1月29日,地区级,安徽,宣城,2,,
1月29日,地区级,山东,烟台,1,,
1月29日,地区级,吉林,延边州,2,,
1月29日,地区级,上海,杨浦,1,,
1月29日,地区级,四川,宜宾,3,,
1月29日,地区级,湖北,宜昌,54,,
1月29日,地区级,湖南,益阳,3,,
1月29日,地区级,宁夏,银川,2,,
1月29日,地区级,江西,鹰潭,2,,
1月29日,地区级,湖南,永州,3,,
1月29日,地区级,陕西,榆林,1,,
1月29日,地区级,云南,玉溪,1,,
1月29日,地区级,湖南,岳阳,3,,
1月29日,地区级,山西,运城,3,,
1月29日,地区级,山东,枣庄,1,,
1月29日,地区级,广东,湛江,2,,
1月29日,地区级,广东,湛江,2,,
1月29日,地区级,湖南,张家界,1,,
1月29日,地区级,河北,张家口,5,,
1月29日,地区级,吉林,长春,,1,
1月29日,地区级,吉林,长春,2,,
1月29日,地区级,吉林,长春,1,,
1月29日,地区级,湖南,长沙,,1,
1月29日,地区级,湖南,长沙,11,,
1月29日,地区级,河南,长垣,1,,
1月29日,地区级,山西,长治,2,,
1月29日,地区级,云南,昭通,2,,
1月29日,地区级,河南,郑州,,1,
1月29日,地区级,河南,郑州,,1,
1月29日,地区级,河南,郑州,6,,
1月29日,地区级,广东,中山,2,,
1月29日,地区级,广东,中山,4,,
1月29日,地区级,河南,周口,6,,
1月29日,地区级,广东,珠海,8,,
1月29日,地区级,广东,珠海,4,,
1月29日,地区级,湖南,株洲,5,,
1月29日,地区级,河南,驻马店,9,,
1月29日,地区级,山东,淄博,2,,
1月29日,地区级,山东,淄博,2,,
1月29日,地区级,贵州,遵义,1,,
1月29日,省级,安徽,,48,,
1月29日,省级,澳门,,,,
1月29日,省级,北京,,23,,
1月29日,省级,福建,,19,,
1月29日,省级,甘肃,,2,,
1月29日,省级,广东,,70,,
1月29日,省级,广西,,20,,
1月29日,省级,贵州,,3,,
1月29日,省级,海南,,3,,
1月29日,省级,河北,,17,,
1月29日,省级,河南,,72,,
1月29日,省级,黑龙江,,6,,
1月29日,省级,湖北,,1032,,
1月29日,省级,湖南,,56,,
1月29日,省级,吉林,,5,,
1月29日,省级,江苏,,30,,
1月29日,省级,江西,,53,,
1月29日,省级,辽宁,,5,,
1月29日,省级,内蒙古,,3,,
1月29日,省级,宁夏,,5,,
1月29日,省级,青海,,,,
1月29日,省级,山东,,15,,
1月29日,省级,山西,,8,,
1月29日,省级,陕西,,7,,
1月29日,省级,上海,,21,,
1月29日,省级,四川,,34,,
1月29日,省级,台湾,,,,
1月29日,省级,西藏,,1,,
1月29日,省级,香港,,2,,
1月29日,省级,新疆,,1,,
1月29日,省级,云南,,19,,
1月29日,省级,浙江,,132,,
1月29日,国家级,,,1739,,
1月29日,地区级,天津,红桥区,1,,
1月29日,地区级,重庆,万州区,7,,
1月29日,地区级,重庆,巫山县,,1,
1月29日,地区级,重庆,巫溪县,2,,
1月29日,地区级,重庆,武隆区,1,,
1月29日,地区级,重庆,渝北区,1,,
1月29日,地区级,重庆,渝北区,1,,
1月29日,地区级,重庆,渝中区,3,,
1月29日,地区级,重庆,渝中区,1,,
1月29日,地区级,重庆,云阳县,1,,
1月29日,地区级,重庆,云阳县,1,,
1月29日,地区级,重庆,忠县,1,,
1月29日,省级,重庆,,18,,
1月29日,省级,天津,,3,,
1月30日,地区级,重庆,璧山区,2,,
1月30日,地区级,天津,滨海新区,1,,
1月30日,地区级,重庆,奉节县,1,,
1月30日,地区级,天津,和平区,1,,
1月30日,地区级,重庆,九龙坡区,3,,
1月30日,地区级,重庆,开州区,2,,
1月30日,地区级,天津,河北区,1,,
1月30日,地区级,重庆,两江新区,1,,
1月30日,地区级,重庆,南岸区,1,,
1月30日,国外,澳大利亚,NA,1,,
1月30日,国外,德国,NA,1,,
1月30日,国外,德国,NA,1,,
1月30日,国外,俄罗斯,NA,2,,
1月30日,国外,法国,NA,1,,
1月30日,国外,韩国,NA,4,,
1月30日,国外,韩国,NA,1,,
1月30日,国外,加拿大,NA,,1,
1月30日,国外,美国,NA,1,,
1月30日,国外,日本,NA,2,,
1月30日,国外,日本,NA,2,,
1月30日,国外,瑞典,NA,1,,
1月30日,国外,泰国,NA,5,,
1月30日,国外,新加坡,NA,3,,
1月30日,国外,意大利,NA,2,,
1月30日,国外,英国,NA,2,,
1月30日,地区级,四川,阿坝州,1,,
1月30日,地区级,新疆,阿克苏,1,,
1月30日,地区级,陕西,安康,3,,
1月30日,地区级,河南,安阳,4,,
1月30日,地区级,辽宁,鞍山,1,,
1月30日,地区级,四川,巴中,1,,
1月30日,地区级,安徽,蚌埠,7,,
1月30日,地区级,河北,保定,4,,
1月30日,地区级,云南,保山,1,,
1月30日,地区级,广西,北海,2,,
1月30日,地区级,贵州,毕节,,,
1月30日,地区级,河北,沧州,6,,
1月30日,地区级,海南,昌江县,1,,
1月30日,地区级,北京,昌平,3,,
1月30日,地区级,湖南,常德,7,,
1月30日,地区级,江苏,常州,3,,
1月30日,地区级,北京,朝阳,2,,
1月30日,地区级,北京,朝阳,1,,
1月30日,地区级,辽宁,朝阳市,2,,
1月30日,地区级,湖南,郴州,2,,
1月30日,地区级,四川,成都,10,,
1月30日,地区级,安徽,池州,2,,
1月30日,地区级,四川,达州,2,,
1月30日,地区级,云南,大理,2,,
1月30日,地区级,辽宁,大连,1,,
1月30日,地区级,辽宁,大连,2,,
1月30日,地区级,黑龙江,大庆,2,,
1月30日,地区级,山西,大同,1,,
1月30日,地区级,北京,大兴,1,,
1月30日,地区级,北京,大兴,1,,
1月30日,地区级,北京,大兴,5,,
1月30日,地区级,黑龙江,大兴安岭,1,,
1月30日,地区级,云南,德宏州,1,,
1月30日,地区级,四川,德阳,4,,
1月30日,地区级,山东,德州,1,1,
1月30日,地区级,上海,地区待确认,,1,
1月30日,地区级,海南,定安县,1,,
1月30日,地区级,北京,东城,1,,
1月30日,地区级,广东,东莞,9,,
1月30日,地区级,湖北,鄂州,66,,4
1月30日,地区级,湖北,恩施州,9,,
1月30日,地区级,广西,防城港,2,,
1月30日,地区级,广东,佛山,1,,
1月30日,地区级,广东,佛山,7,,
1月30日,地区级,福建,福州,2,,
1月30日,地区级,江西,抚州,2,,
1月30日,地区级,辽宁,阜新,1,,
1月30日,地区级,安徽,阜阳,10,,
1月30日,地区级,江西,赣州,6,,
1月30日,地区级,宁夏,固原,1,,
1月30日,地区级,四川,广安,4,,
1月30日,地区级,广东,广州,6,,
1月30日,地区级,广东,广州,27,,
1月30日,地区级,贵州,贵阳,,,
1月30日,地区级,黑龙江,哈尔滨,5,,
1月30日,地区级,北京,海淀,1,,
1月30日,地区级,北京,海淀,2,,
1月30日,地区级,河北,邯郸,1,,
1月30日,地区级,陕西,汉中,5,,
1月30日,地区级,浙江,杭州,16,,
1月30日,地区级,安徽,合肥,11,,
1月30日,地区级,广西,河池,1,,
1月30日,地区级,山东,菏泽,1,,
1月30日,地区级,湖南,衡阳,5,,
1月30日,地区级,云南,红河,,1,
1月30日,地区级,上海,虹口,2,,
1月30日,地区级,内蒙古,呼伦贝尔,,1,
1月30日,地区级,辽宁,葫芦岛,1,,
1月30日,地区级,浙江,湖州,1,,
1月30日,地区级,湖南,怀化,3,,
1月30日,地区级,江苏,淮安,3,,
1月30日,地区级,湖北,黄冈,77,1,
1月30日,地区级,安徽,黄山,2,,
1月30日,地区级,湖北,黄石,55,,
1月30日,地区级,广东,惠州,3,,
1月30日,地区级,黑龙江,鸡西,1,,
1月30日,地区级,江西,吉安,3,,
1月30日,地区级,山东,济南,2,,
1月30日,地区级,黑龙江,佳木斯,3,,
1月30日,地区级,广东,江门,1,,
1月30日,地区级,浙江,金华,7,,
1月30日,地区级,辽宁,锦州,2,,
1月30日,地区级,辽宁,锦州,1,,
1月30日,地区级,湖北,荆门,36,,1
1月30日,地区级,湖北,荆州,70,,
1月30日,地区级,江西,景德镇,1,1,
1月30日,地区级,江西,九江,10,,
1月30日,地区级,河南,开封,2,,
1月30日,地区级,重庆,黔江区,1,,
1月30日,地区级,云南,昆明,1,,
1月30日,地区级,云南,昆明,2,,
1月30日,地区级,甘肃,兰州,-1,,
1月30日,地区级,甘肃,兰州,2,,
1月30日,地区级,海南,乐东,1,,
1月30日,地区级,海南,乐东,1,,
1月30日,地区级,浙江,丽水,1,,
1月30日,地区级,江苏,连云港,,1,
1月30日,地区级,江苏,连云港,3,,
1月30日,地区级,四川,凉山,1,,
1月30日,地区级,山东,聊城,2,,
1月30日,地区级,海南,临高县,1,,
1月30日,地区级,山东,临沂,3,,
1月30日,地区级,山东,临沂,4,,
1月30日,地区级,海南,陵水县,1,,
1月30日,地区级,广西,柳州,1,,
1月30日,地区级,安徽,六安,1,,
1月30日,地区级,贵州,六盘水,,,
1月30日,地区级,贵州,六盘水,3,,
1月30日,地区级,甘肃,陇南,2,,
1月30日,地区级,湖南,娄底,4,,
1月30日,地区级,河南,洛阳,1,,
1月30日,地区级,河南,漯河,2,,
1月30日,地区级,山西,吕梁,1,,
1月30日,地区级,四川,绵阳,2,,
1月30日,地区级,上海,闵行,1,,
1月30日,地区级,黑龙江,牡丹江,1,,
1月30日,地区级,江西,南昌,21,1,
1月30日,地区级,四川,南充,2,,
1月30日,地区级,江苏,南京,,2,
1月30日,地区级,江苏,南京,6,,
1月30日,地区级,广西,南宁,1,,
1月30日,地区级,江苏,南通,1,,
1月30日,地区级,河南,南阳,10,,
1月30日,地区级,河南,南阳,,,1
1月30日,地区级,四川,内江,2,,
1月30日,地区级,浙江,宁波,5,,
1月30日,地区级,福建,宁德,1,,
1月30日,地区级,辽宁,盘锦,3,,
1月30日,地区级,辽宁,盘锦,1,,
1月30日,地区级,河南,平顶山,2,,
1月30日,地区级,江西,萍乡,3,,
1月30日,地区级,福建,莆田,5,,
1月30日,地区级,河南,濮阳,2,,
1月30日,地区级,上海,浦东,3,,
1月30日,地区级,上海,浦东,5,,
1月30日,地区级,云南,普洱,1,,
1月30日,地区级,黑龙江,七台河,1,,
1月30日,地区级,湖北,潜江,2,,
1月30日,地区级,贵州,黔东南州,,,
1月30日,地区级,重庆,荣昌区,1,,
1月30日,地区级,海南,琼海,1,,
1月30日,地区级,浙江,衢州,2,,
1月30日,地区级,福建,泉州,4,,
1月30日,地区级,河南,三门峡,1,,
1月30日,地区级,福建,厦门,6,,
1月30日,地区级,广东,汕尾,2,,
1月30日,地区级,河南,商丘,9,,
1月30日,地区级,江西,上饶,1,1,
1月30日,地区级,湖南,邵阳,7,,
1月30日,地区级,浙江,绍兴,4,,
1月30日,地区级,广东,深圳,24,,
1月30日,地区级,湖北,神农架,2,2,
1月30日,地区级,辽宁,沈阳,2,,
1月30日,地区级,辽宁,沈阳,1,,
1月30日,地区级,湖北,十堰,31,,
1月30日,地区级,江苏,苏州,,1,
1月30日,地区级,江苏,苏州,8,1,
1月30日,地区级,黑龙江,绥化,2,,
1月30日,地区级,湖北,随州,85,,
1月30日,地区级,四川,遂宁,1,,
1月30日,国外,台湾,台湾,1,,
1月30日,地区级,浙江,台州,17,,
1月30日,地区级,山西,太原,1,,
1月30日,地区级,山东,泰安,1,,
1月30日,地区级,江苏,泰州,3,,
1月30日,地区级,河北,唐山,4,,
1月30日,地区级,湖北,天门,23,,3
1月30日,地区级,辽宁,铁岭,1,,
1月30日,地区级,北京,通州,2,,
1月30日,地区级,北京,通州,2,,
1月30日,地区级,安徽,铜陵,4,,
1月30日,地区级,贵州,铜仁,,1,
1月30日,地区级,贵州,铜仁,,,
1月30日,地区级,上海,外地来沪,4,,
1月30日,地区级,上海,外地来沪,,3,
1月30日,地区级,上海,外地来沪,7,,
1月30日,地区级,山东,威海,5,,
1月30日,地区级,山东,潍坊,1,,
1月30日,地区级,陕西,渭南,1,,
1月30日,地区级,浙江,温州,55,,
1月30日,地区级,内蒙古,乌兰察布,2,,
1月30日,地区级,新疆,乌鲁木齐,1,,
1月30日,地区级,江苏,无锡,2,,
1月30日,地区级,湖北,武汉,378,21,30
1月30日,地区级,陕西,西安,10,,
1月30日,地区级,北京,西城,3,,
1月30日,地区级,北京,西城,1,,
1月30日,地区级,云南,西双版纳州,2,,
1月30日,地区级,湖北,仙桃,35,,1
1月30日,地区级,湖北,咸宁,36,,
1月30日,地区级,陕西,咸阳,1,,
1月30日,国外,香港,香港,2,,
1月30日,地区级,湖南,湘潭,1,,
1月30日,地区级,湖南,湘西自治州,1,,
1月30日,地区级,湖北,襄阳,123,,
1月30日,地区级,湖北,孝感,142,2,3
1月30日,地区级,河南,新乡,4,,
1月30日,地区级,江西,新余,17,,
1月30日,地区级,河南,信阳,7,,
1月30日,地区级,河北,邢台,2,,
1月30日,地区级,江苏,宿迁,3,,
1月30日,地区级,江苏,徐州,5,,
1月30日,地区级,河南,许昌,5,,
1月30日,地区级,四川,雅安,1,,
1月30日,地区级,山东,烟台,5,,
1月30日,地区级,陕西,延安,4,,
1月30日,地区级,江苏,盐城,2,,
1月30日,地区级,新疆,伊犁州,1,,
1月30日,地区级,四川,宜宾,2,,
1月30日,地区级,湖北,宜昌,50,,
1月30日,地区级,江西,宜春,12,,
1月30日,地区级,湖南,益阳,3,,
1月30日,地区级,宁夏,银川,2,,
1月30日,地区级,江西,鹰潭,1,,
1月30日,地区级,河南,永城,4,,
1月30日,地区级,湖南,永州,2,,
1月30日,地区级,广西,玉林,2,,
1月30日,地区级,湖南,岳阳,8,,
1月30日,地区级,山西,运城,1,,
1月30日,地区级,广东,湛江,2,,
1月30日,地区级,福建,漳州,1,,
1月30日,地区级,上海,长宁,1,,
1月30日,地区级,湖南,长沙,11,,
1月30日,地区级,河南,长垣,1,,
1月30日,地区级,广东,肇庆,1,,
1月30日,地区级,河南,郑州,4,,
1月30日,地区级,河南,郑州,,1,
1月30日,地区级,广东,中山,2,,
1月30日,地区级,宁夏,中卫,1,,
1月30日,地区级,浙江,舟山,1,1,
1月30日,地区级,河南,周口,11,,
1月30日,地区级,广东,珠海,,1,
1月30日,地区级,广东,珠海,8,,
1月30日,地区级,广东,珠海,8,,
1月30日,地区级,广东,珠海,,1,
1月30日,地区级,湖南,株洲,1,,
1月30日,地区级,河南,驻马店,5,,
1月30日,地区级,山东,淄博,1,,
1月30日,地区级,四川,自贡,2,,
1月30日,地区级,贵州,遵义,,,
1月30日,省级,安徽,,37,,
1月30日,省级,澳门,,,,
1月30日,省级,北京,,18,,
1月30日,省级,福建,,19,,
1月30日,省级,甘肃,,3,,
1月30日,省级,广东,,82,,
1月30日,省级,广西,,9,,
1月30日,省级,贵州,,3,,
1月30日,省级,海南,,3,,
1月30日,省级,河北,,17,,
1月30日,省级,河南,,74,,
1月30日,省级,黑龙江,,16,,
1月30日,省级,湖北,,1220,,
1月30日,省级,湖南,,55,,
1月30日,省级,吉林,,,,
1月30日,省级,江苏,,39,,
1月30日,省级,江西,,78,,
1月30日,省级,辽宁,,4,,
1月30日,省级,内蒙古,,2,,
1月30日,省级,宁夏,,4,,
1月30日,省级,青海,,2,,
1月30日,省级,山东,,42,,
1月30日,省级,山西,,4,,
1月30日,省级,陕西,,24,,
1月30日,省级,上海,,27,,
1月30日,省级,四川,,35,,
1月30日,省级,台湾,,1,,
1月30日,省级,西藏,,,,
1月30日,省级,香港,,2,,
1月30日,省级,新疆,,3,,
1月30日,省级,云南,,6,,
1月30日,省级,浙江,,109,,
1月30日,地区级,重庆,石柱县,1,,
1月30日,国家级,,,1985,,
1月30日,地区级,天津,红桥区,1,,
1月30日,地区级,重庆,万州区,1,,
1月30日,地区级,重庆,万州区,4,,
1月30日,地区级,天津,宁河区,1,,
1月30日,地区级,重庆,巫山县,1,,
1月30日,地区级,重庆,巫溪县,1,,
1月30日,地区级,重庆,巫溪县,2,,
1月30日,地区级,重庆,渝北区,2,,
1月30日,地区级,重庆,渝中区,1,,
1月30日,地区级,重庆,云阳县,2,,
1月30日,地区级,重庆,长寿区,1,,
1月30日,地区级,重庆,长寿区,1,,
1月30日,省级,重庆,,41,,
1月30日,省级,天津,,4,,
1月31日,地区级,天津,宝坻区,2,,
1月31日,地区级,天津,宝坻区,1,,
1月31日,地区级,重庆,璧山区,2,,
1月31日,地区级,重庆,垫江县,1,,
1月31日,地区级,重庆,垫江县,2,,
1月31日,地区级,重庆,丰都县,1,,
1月31日,地区级,重庆,丰都县,1,,
1月31日,地区级,天津,东丽区,3,,
1月31日,地区级,重庆,合川区,2,,
1月31日,地区级,重庆,江北区,4,,
1月31日,地区级,重庆,九龙坡区,1,,1
1月31日,地区级,天津,河北区,1,,
1月31日,地区级,重庆,两江新区,1,,
1月31日,地区级,天津,河东区,1,,
1月31日,地区级,重庆,荣昌区,1,,
1月31日,地区级,重庆,沙坪坝区,2,,
1月31日,国外,澳大利亚,NA,2,,
1月31日,国外,澳大利亚,NA,1,,
1月31日,国外,德国,NA,1,,
1月31日,国外,韩国,NA,1,,
1月31日,国外,加拿大,NA,1,,
1月31日,国外,斯里兰卡,NA,,1,
1月31日,国外,西班牙,NA,1,,
1月31日,国外,新加坡,NA,2,,
1月31日,国外,越南,NA,1,,
1月31日,地区级,陕西,安康,1,,
1月31日,地区级,安徽,安庆,13,,
1月31日,地区级,河南,安阳,4,,
1月31日,地区级,内蒙古,巴彦淖尔,1,,
1月31日,地区级,四川,巴中,3,,
1月31日,地区级,安徽,蚌埠,1,,
1月31日,地区级,陕西,宝鸡,2,,
1月31日,地区级,上海,宝山,3,,
1月31日,地区级,上海,宝山,3,,
1月31日,地区级,云南,保山,1,,
1月31日,地区级,云南,保山,1,,
1月31日,地区级,广西,北海,6,,
1月31日,地区级,贵州,毕节,2,,
1月31日,地区级,重庆,石柱县,2,,
1月31日,地区级,安徽,亳州,,1,
1月31日,地区级,安徽,亳州,5,,
1月31日,地区级,河北,沧州,1,,
1月31日,地区级,湖南,常德,2,,
1月31日,地区级,江苏,常州,1,,
1月31日,地区级,北京,朝阳,1,,
1月31日,地区级,北京,朝阳,3,,
1月31日,地区级,广东,潮州,3,,
1月31日,地区级,湖南,郴州,1,,
1月31日,地区级,四川,成都,3,,
1月31日,地区级,安徽,滁州,2,,
1月31日,地区级,四川,达州,1,,
1月31日,地区级,云南,大理,,1,
1月31日,地区级,辽宁,大连,2,,
1月31日,地区级,黑龙江,大庆,1,,
1月31日,地区级,山西,大同,1,,
1月31日,地区级,北京,大兴,1,,
1月31日,地区级,北京,大兴,2,,
1月31日,地区级,辽宁,丹东,1,,
1月31日,地区级,海南,儋州,1,,
1月31日,地区级,山东,德州,1,,
1月31日,地区级,甘肃,定西,1,,
1月31日,地区级,广东,东莞,5,,
1月31日,地区级,内蒙古,鄂尔多斯,2,,
1月31日,地区级,湖北,鄂州,38,,3
1月31日,地区级,湖北,恩施州,12,,
1月31日,地区级,广西,防城港,1,,
1月31日,地区级,北京,房山,2,,
1月31日,地区级,北京,丰台,4,,
1月31日,地区级,北京,丰台,1,,
1月31日,地区级,广东,佛山,5,,
1月31日,地区级,福建,福州,7,,
1月31日,地区级,江西,抚州,3,,
1月31日,地区级,辽宁,阜新,1,,
1月31日,地区级,安徽,阜阳,9,,
1月31日,地区级,甘肃,甘南州,1,,
1月31日,地区级,江西,赣州,3,1,
1月31日,地区级,四川,广安,3,,
1月31日,地区级,广东,广州,25,,
1月31日,地区级,贵州,贵阳,3,,
1月31日,地区级,广西,桂林,3,,
1月31日,地区级,黑龙江,哈尔滨,7,,
1月31日,地区级,北京,海淀,4,,
1月31日,地区级,北京,海淀,8,,
1月31日,地区级,海南,海口,2,,
1月31日,地区级,河北,邯郸,3,,
1月31日,地区级,陕西,汉中,2,,
1月31日,地区级,浙江,杭州,13,,
1月31日,地区级,安徽,合肥,,1,
1月31日,地区级,安徽,合肥,9,,
1月31日,地区级,湖南,衡阳,1,,
1月31日,地区级,云南,红河,1,,
1月31日,地区级,上海,虹口,1,,
1月31日,地区级,湖南,怀化,2,1,
1月31日,地区级,江苏,淮安,,1,
1月31日,地区级,江苏,淮安,2,,
1月31日,地区级,安徽,淮北,4,,
1月31日,地区级,湖北,黄冈,153,11,2
1月31日,地区级,上海,黄浦,1,,
1月31日,地区级,湖北,黄石,41,,1
1月31日,地区级,黑龙江,鸡西,2,,
1月31日,地区级,江西,吉安,3,,
1月31日,地区级,山东,济南,2,,
1月31日,地区级,山东,济宁,,1,
1月31日,地区级,山东,济宁,2,,
1月31日,地区级,黑龙江,佳木斯,3,,
1月31日,地区级,浙江,嘉兴,2,,
1月31日,地区级,广东,江门,1,,
1月31日,地区级,浙江,金华,7,3,
1月31日,地区级,山西,晋城,2,,
1月31日,地区级,山西,晋中,2,,
1月31日,地区级,湖北,荆门,24,1,
1月31日,地区级,湖北,荆州,66,1,1
1月31日,地区级,江西,九江,2,,
1月31日,地区级,河南,开封,2,,
1月31日,地区级,云南,昆明,6,,
1月31日,地区级,甘肃,兰州,3,,
1月31日,地区级,甘肃,兰州,5,,
1月31日,地区级,河北,廊坊,2,,
1月31日,地区级,浙江,丽水,1,,
1月31日,地区级,江苏,连云港,4,,
1月31日,地区级,四川,凉山,2,,
1月31日,地区级,云南,临沧,1,,
1月31日,地区级,海南,临高县,1,,
1月31日,地区级,广西,柳州,1,,
1月31日,地区级,安徽,六安,4,,
1月31日,地区级,贵州,六盘水,4,,
1月31日,地区级,湖南,娄底,6,,
1月31日,地区级,河南,洛阳,2,,
1月31日,地区级,河南,漯河,1,,
1月31日,地区级,安徽,马鞍山,8,,
1月31日,地区级,四川,绵阳,1,,
1月31日,地区级,上海,闵行,2,,
1月31日,地区级,黑龙江,牡丹江,4,,
1月31日,地区级,江西,南昌,16,,
1月31日,地区级,四川,南充,5,,
1月31日,地区级,江苏,南京,3,,
1月31日,地区级,福建,南平,5,,
1月31日,地区级,江苏,南通,2,,
1月31日,地区级,河南,南阳,5,,
1月31日,地区级,四川,内江,4,,
1月31日,地区级,浙江,宁波,9,1,
1月31日,地区级,四川,攀枝花,7,,
1月31日,地区级,河南,平顶山,1,,
1月31日,地区级,江西,萍乡,1,,
1月31日,地区级,福建,莆田,3,,
1月31日,地区级,上海,浦东,5,,
1月31日,地区级,上海,浦东,2,,
1月31日,地区级,上海,普陀,2,,
1月31日,地区级,黑龙江,七台河,2,,
1月31日,地区级,湖北,潜江,15,,
1月31日,地区级,贵州,黔东南州,1,,
1月31日,地区级,河北,秦皇岛,1,,
1月31日,地区级,浙江,衢州,1,,
1月31日,地区级,福建,泉州,2,,
1月31日,地区级,山东,日照,1,,
1月31日,地区级,河南,三门峡,1,,
1月31日,地区级,海南,三亚,1,,
1月31日,地区级,福建,厦门,4,,
1月31日,地区级,广东,汕头,2,,
1月31日,地区级,广东,汕尾,1,,
1月31日,地区级,河南,商丘,2,,
1月31日,地区级,江西,上饶,4,,
1月31日,地区级,湖南,邵阳,,1,
1月31日,地区级,湖南,邵阳,5,,
1月31日,地区级,浙江,绍兴,1,,
1月31日,地区级,广东,深圳,60,,
1月31日,地区级,湖北,十堰,27,,
1月31日,地区级,河北,石家庄,1,,
1月31日,地区级,北京,石景山,1,,
1月31日,地区级,黑龙江,双鸭山,1,,
1月31日,地区级,江苏,苏州,2,,
1月31日,地区级,黑龙江,绥化,1,,
1月31日,地区级,湖北,随州,76,,1
1月31日,地区级,浙江,台州,,3,
1月31日,地区级,浙江,台州,14,1,
1月31日,地区级,山东,泰安,1,,
1月31日,地区级,江苏,泰州,5,,
1月31日,地区级,河北,唐山,1,,
1月31日,地区级,湖北,天门,15,,1
1月31日,地区级,甘肃,天水,1,,
1月31日,地区级,北京,通州,1,,
1月31日,地区级,安徽,铜陵,2,,
1月31日,地区级,贵州,铜仁,1,,
1月31日,地区级,上海,外地来沪,5,,
1月31日,地区级,上海,外地来沪,,1,
1月31日,地区级,上海,外地来沪,6,,
1月31日,地区级,山东,威海,5,,
1月31日,地区级,山东,潍坊,1,,
1月31日,地区级,浙江,温州,14,1,
1月31日,地区级,江苏,无锡,1,,
1月31日,地区级,安徽,芜湖,1,,
1月31日,地区级,宁夏,吴忠,1,,
1月31日,地区级,广西,梧州,1,,
1月31日,地区级,湖北,武汉,576,36,33
1月31日,地区级,陕西,西安,7,,
1月31日,地区级,北京,西城,1,,
1月31日,地区级,青海,西宁,1,,
1月31日,地区级,湖北,仙桃,7,,
1月31日,地区级,湖北,咸宁,40,1,
1月31日,地区级,陕西,咸阳,2,,
1月31日,地区级,香港,香港,1,,
1月31日,地区级,湖南,湘潭,3,,
1月31日,地区级,湖南,湘西自治州,1,,
1月31日,地区级,湖北,襄阳,61,,
1月31日,地区级,湖北,孝感,87,,3
1月31日,地区级,山西,忻州,1,,
1月31日,地区级,新疆,新疆生产建设兵团,1,,
1月31日,地区级,河南,新乡,6,,
1月31日,地区级,江西,新余,12,,
1月31日,地区级,河南,信阳,21,,
1月31日,地区级,河北,邢台,3,,
1月31日,地区级,江苏,宿迁,1,,
1月31日,地区级,安徽,宿州,2,,
1月31日,地区级,上海,徐汇,2,,
1月31日,地区级,江苏,徐州,3,,
1月31日,地区级,河南,许昌,4,,
1月31日,地区级,四川,雅安,2,,
1月31日,地区级,山东,烟台,2,,
1月31日,地区级,江苏,盐城,5,,
1月31日,地区级,江苏,扬州,5,,
1月31日,地区级,上海,杨浦,1,,
1月31日,地区级,湖北,宜昌,109,,
1月31日,地区级,江西,宜春,3,1,
1月31日,地区级,湖南,益阳,4,,
1月31日,地区级,宁夏,银川,4,,
1月31日,地区级,河南,永城,3,,
1月31日,地区级,湖南,永州,2,,
1月31日,地区级,广西,玉林,1,,
1月31日,地区级,云南,玉溪,1,,
1月31日,地区级,湖南,岳阳,8,,
1月31日,地区级,山西,运城,2,,
1月31日,地区级,山东,枣庄,2,,
1月31日,地区级,广东,湛江,2,,
1月31日,地区级,湖南,张家界,1,,
1月31日,地区级,河北,张家口,2,,
1月31日,地区级,福建,漳州,3,,
1月31日,地区级,吉林,长春,3,,
1月31日,地区级,上海,长宁,1,,
1月31日,地区级,湖南,长沙,,1,
1月31日,地区级,湖南,长沙,18,,
1月31日,地区级,云南,昭通,2,,
1月31日,地区级,河南,郑州,6,,
1月31日,地区级,河南,周口,2,,
1月31日,地区级,广东,珠海,4,,
1月31日,地区级,湖南,株洲,3,,
1月31日,地区级,河南,驻马店,10,,
1月31日,地区级,山东,淄博,1,,
1月31日,地区级,贵州,遵义,3,,
1月31日,省级,安徽,,60,,
1月31日,省级,澳门,,,,
1月31日,省级,北京,,24,,
1月31日,省级,福建,,24,,
1月31日,省级,甘肃,,6,,
1月31日,省级,广东,,127,,
1月31日,省级,广西,,13,,
1月31日,省级,贵州,,14,,
1月31日,省级,海南,,8,,
1月31日,省级,河北,,14,,
1月31日,省级,河南,,70,,
1月31日,省级,黑龙江,,21,,
1月31日,省级,湖北,,1347,,
1月31日,省级,湖南,,57,,
1月31日,省级,吉林,,3,,
1月31日,省级,江苏,,34,,
1月31日,省级,江西,,46,,
1月31日,省级,辽宁,,15,,
1月31日,省级,内蒙古,,3,,
1月31日,省级,宁夏,,5,,
1月31日,省级,青海,,1,,
1月31日,省级,山东,,24,,
1月31日,省级,山西,,8,,
1月31日,省级,陕西,,14,,
1月31日,省级,上海,,25,,
1月31日,省级,四川,,30,,
1月31日,省级,台湾,,1,,
1月31日,省级,西藏,,,,
1月31日,省级,香港,,1,,
1月31日,省级,新疆,,1,,
1月31日,省级,云南,,7,,
1月31日,省级,浙江,,62,,
1月31日,国家级,,,2104,,
1月31日,地区级,重庆,万州区,6,,
1月31日,地区级,重庆,万州区,4,,
1月31日,地区级,天津,宁河区,1,,
1月31日,地区级,重庆,秀山县,,1,
1月31日,地区级,重庆,渝北区,1,,
1月31日,地区级,重庆,渝中区,1,,
1月31日,地区级,重庆,云阳县,1,,
1月31日,地区级,重庆,云阳县,2,,
1月31日,地区级,重庆,长寿区,1,,
1月31日,省级,重庆,,32,,
1月31日,省级,天津,,1,,
2月1日,地区级,天津,宝坻区,0,0,0
2月1日,地区级,天津,宝坻区,0,0,0
2月1日,地区级,天津,地区待确认,0,0,0
2月1日,地区级,重庆,垫江县,1,0,0
2月1日,地区级,重庆,丰都县,0,1,0
2月1日,地区级,重庆,奉节县,3,0,0
2月1日,地区级,重庆,合川区,1,0,0
2月1日,地区级,天津,和平区,0,0,0
2月1日,地区级,重庆,江北区,1,0,0
2月1日,地区级,重庆,九龙坡区,2,0,0
2月1日,地区级,重庆,梁平区,1,0,0
2月1日,地区级,重庆,两江新区,2,0,0
2月1日,地区级,重庆,南岸区,1,0,0
2月1日,地区级,天津,河东区,0,0,0
2月1日,地区级,天津,河东区,0,0,0
2月1日,地区级,重庆,荣昌区,1,0,0
2月1日,地区级,重庆,铜梁区,2,0,0
2月1日,国外,阿联酋,NA,1,0,0
2月1日,国外,澳门,NA,1,0,0
2月1日,国外,德国,NA,2,0,0
2月1日,国外,德国,NA,1,0,0
2月1日,国外,菲律宾,NA,0,0,1
2月1日,国外,菲律宾,NA,1,0,0
2月1日,国外,韩国,NA,3,0,0
2月1日,国外,美国,NA,2,0,0
2月1日,国外,日本,NA,3,0,0
2月1日,国外,印度,NA,1,0,0
2月1日,国外,越南,NA,1,0,0
2月1日,地区级,浙江,地区待确认,6,0,0
2月1日,地区级,浙江,地区待确认,5,0,0
2月1日,地区级,浙江,地区待确认,3,0,0
2月1日,地区级,陕西,安康,2,0,0
2月1日,地区级,安徽,安庆,6,0,0
2月1日,地区级,贵州,安顺,2,0,0
2月1日,地区级,安徽,蚌埠,10,0,0
2月1日,地区级,内蒙古,包头,2,0,0
2月1日,地区级,陕西,宝鸡,1,0,0
2月1日,地区级,河北,保定,2,2,0
2月1日,地区级,贵州,毕节,1,0,0
2月1日,地区级,山东,滨州,1,0,0
2月1日,地区级,湖南,常德,3,0,0
2月1日,地区级,江苏,常州,1,0,0
2月1日,地区级,北京,朝阳,5,0,0
2月1日,地区级,广东,潮州,0,0,0
2月1日,地区级,湖南,郴州,5,0,0
2月1日,地区级,四川,成都,0,6,0
2月1日,地区级,四川,成都,1,0,0
2月1日,地区级,安徽,池州,2,0,0
2月1日,地区级,上海,崇明,1,0,0
2月1日,地区级,云南,楚雄州,2,0,0
2月1日,地区级,云南,大理,1,0,0
2月1日,地区级,辽宁,大连,1,0,0
2月1日,地区级,辽宁,大连,1,0,0
2月1日,地区级,山西,大同,2,0,0
2月1日,地区级,北京,大兴,1,0,0
2月1日,地区级,北京,大兴,1,0,0
2月1日,地区级,云南,德宏州,1,0,0
2月1日,地区级,四川,德阳,3,0,0
2月1日,地区级,山东,德州,2,0,0
2月1日,地区级,北京,地区待确认,0,3,0
2月1日,地区级,北京,地区待确认,0,1,0
2月1日,地区级,广东,地区待确认,0,1,0
2月1日,地区级,河南,地区待确认,0,1,0
2月1日,地区级,湖南,地区待确认,0,0,0
2月1日,地区级,青海,地区待确认,0,0,0
2月1日,地区级,甘肃,定西,0,1,0
2月1日,地区级,甘肃,定西,0,1,0
2月1日,地区级,广东,东莞,6,0,0
2月1日,地区级,内蒙古,鄂尔多斯,1,0,0
2月1日,地区级,湖北,鄂州,51,0,4
2月1日,地区级,湖北,恩施州,18,1,0
2月1日,地区级,广东,佛山,0,0,0
2月1日,地区级,广东,佛山,1,0,0
2月1日,地区级,福建,福州,5,0,0
2月1日,地区级,江西,抚州,6,0,0
2月1日,地区级,辽宁,阜新,1,0,0
2月1日,地区级,安徽,阜阳,12,0,0
2月1日,地区级,江西,赣州,4,0,0
2月1日,地区级,四川,广安,4,0,0
2月1日,地区级,四川,广元,3,0,0
2月1日,地区级,广东,广州,0,0,0
2月1日,地区级,广东,广州,38,0,0
2月1日,地区级,广西,贵港,4,0,0
2月1日,地区级,贵州,贵阳,2,0,0
2月1日,地区级,广西,桂林,2,0,0
2月1日,地区级,黑龙江,哈尔滨,0,2,0
2月1日,地区级,黑龙江,哈尔滨,9,0,0
2月1日,地区级,北京,海淀,2,0,0
2月1日,地区级,河北,邯郸,1,0,0
2月1日,地区级,陕西,汉中,2,0,0
2月1日,地区级,浙江,杭州,12,0,0
2月1日,地区级,山东,菏泽,1,0,0
2月1日,地区级,广西,贺州,2,0,0
2月1日,地区级,河南,鹤壁,2,0,0
2月1日,地区级,黑龙江,黑河,1,0,0
2月1日,地区级,湖南,衡阳,0,3,0
2月1日,地区级,湖南,衡阳,4,0,0
2月1日,地区级,湖南,怀化,3,0,0
2月1日,地区级,江苏,淮安,1,0,0
2月1日,地区级,湖北,黄冈,276,10,1
2月1日,地区级,湖北,黄石,43,1,0
2月1日,地区级,广东,惠州,3,0,0
2月1日,地区级,江西,吉安,1,0,0
2月1日,地区级,山东,济南,1,0,0
2月1日,地区级,山东,济宁,3,0,0
2月1日,地区级,浙江,嘉兴,1,0,0
2月1日,地区级,河南,焦作,5,0,0
2月1日,地区级,山西,晋城,1,0,0
2月1日,地区级,山西,晋中,2,0,0
2月1日,地区级,湖北,荆门,78,2,2
2月1日,地区级,湖北,荆州,46,0,0
2月1日,地区级,上海,静安,1,0,0
2月1日,地区级,江西,九江,12,0,0
2月1日,地区级,重庆,万州区,5,0,0
2月1日,地区级,河南,开封,3,0,0
2月1日,地区级,云南,昆明,1,0,0
2月1日,地区级,甘肃,兰州,0,1,0
2月1日,地区级,河北,廊坊,0,1,0
2月1日,地区级,云南,丽江,1,0,0
2月1日,地区级,辽宁,辽阳,1,0,0
2月1日,地区级,山东,聊城,1,0,0
2月1日,地区级,海南,临高县,1,0,0
2月1日,地区级,山东,临沂,1,0,0
2月1日,地区级,海南,陵水县,2,0,0
2月1日,地区级,湖南,娄底,3,0,0
2月1日,地区级,四川,泸州,1,0,0
2月1日,地区级,河南,洛阳,2,0,0
2月1日,地区级,河南,漯河,2,0,0
2月1日,地区级,安徽,马鞍山,5,0,0
2月1日,地区级,广东,梅州,0,0,0
2月1日,地区级,广东,梅州,1,0,0
2月1日,地区级,北京,门头沟,1,0,0
2月1日,地区级,四川,绵阳,2,0,0
2月1日,地区级,上海,闵行,2,0,0
2月1日,地区级,黑龙江,牡丹江,1,0,0
2月1日,地区级,江西,南昌,6,0,0
2月1日,地区级,四川,南充,7,0,0
2月1日,地区级,江苏,南京,7,0,0
2月1日,地区级,江苏,南通,5,0,0
2月1日,地区级,河南,南阳,0,1,0
2月1日,地区级,河南,南阳,1,0,0
2月1日,地区级,河南,南阳,9,0,0
2月1日,地区级,四川,内江,1,0,0
2月1日,地区级,浙江,宁波,11,0,0
2月1日,地区级,四川,攀枝花,2,0,0
2月1日,地区级,辽宁,盘锦,1,0,0
2月1日,地区级,河南,平顶山,3,0,0
2月1日,地区级,江西,萍乡,6,0,0
2月1日,地区级,福建,莆田,2,0,0
2月1日,地区级,上海,浦东,3,0,0
2月1日,地区级,上海,普陀,1,0,0
2月1日,地区级,黑龙江,七台河,1,0,0
2月1日,地区级,湖北,潜江,8,0,0
2月1日,地区级,贵州,黔东南州,2,0,0
2月1日,地区级,贵州,黔南州,1,0,0
2月1日,地区级,广西,钦州,1,0,0
2月1日,地区级,山东,青岛,2,0,0
2月1日,地区级,山东,青岛,1,0,0
2月1日,地区级,海南,琼海,1,0,0
2月1日,地区级,云南,曲靖,0,1,0
2月1日,地区级,福建,泉州,5,0,0
2月1日,地区级,山东,日照,1,0,0
2月1日,地区级,福建,三明,1,0,0
2月1日,地区级,海南,三亚,0,2,0
2月1日,地区级,海南,三亚,0,1,0
2月1日,地区级,海南,三亚,2,0,0
2月1日,地区级,福建,厦门,1,0,0
2月1日,地区级,广东,汕头,0,0,0
2月1日,地区级,河南,商丘,1,0,0
2月1日,地区级,河南,商丘,7,0,0
2月1日,地区级,江西,上饶,3,0,0
2月1日,地区级,广东,韶关,1,0,0
2月1日,地区级,湖南,邵阳,8,0,0
2月1日,地区级,浙江,绍兴,0,1,0
2月1日,地区级,广东,深圳,0,0,0
2月1日,地区级,广东,深圳,26,0,0
2月1日,地区级,辽宁,沈阳,1,0,0
2月1日,地区级,湖北,十堰,35,0,0
2月1日,地区级,河北,石家庄,1,0,0
2月1日,地区级,北京,石景山,1,0,0
2月1日,地区级,北京,石景山,1,0,0
2月1日,地区级,黑龙江,双鸭山,2,0,0
2月1日,地区级,北京,顺义,3,0,0
2月1日,地区级,上海,松江,4,0,0
2月1日,地区级,江苏,苏州,0,1,0
2月1日,地区级,江苏,苏州,4,0,0
2月1日,地区级,黑龙江,绥化,1,0,0
2月1日,地区级,湖北,随州,80,3,2
2月1日,地区级,浙江,台州,0,0,0
2月1日,地区级,山西,太原,2,0,0
2月1日,地区级,山东,泰安,3,0,0
2月1日,地区级,河北,唐山,3,0,0
2月1日,地区级,湖北,天门,17,0,0
2月1日,地区级,陕西,铜川,1,0,0
2月1日,地区级,上海,外地来沪,1,0,0
2月1日,地区级,山东,威海,0,1,0
2月1日,地区级,山东,威海,0,1,0
2月1日,地区级,山东,潍坊,1,0,0
2月1日,地区级,山东,潍坊,1,0,0
2月1日,地区级,浙江,温州,0,0,0
2月1日,地区级,浙江,温州,24,0,0
2月1日,地区级,浙江,温州,0,2,0
2月1日,地区级,内蒙古,乌海,1,0,0
2月1日,地区级,江苏,无锡,6,0,0
2月1日,地区级,安徽,芜湖,0,1,0
2月1日,地区级,安徽,芜湖,1,0,0
2月1日,地区级,宁夏,吴忠,1,0,0
2月1日,地区级,湖北,武汉,0,0,0
2月1日,地区级,湖北,武汉,894,32,32
2月1日,地区级,陕西,西安,8,0,0
2月1日,地区级,北京,西城,5,0,0
2月1日,地区级,湖北,仙桃,43,0,2
2月1日,地区级,湖北,咸宁,40,0,0
2月1日,地区级,陕西,咸阳,1,0,0
2月1日,地区级,湖南,湘潭,0,3,0
2月1日,地区级,湖南,湘潭,3,0,0
2月1日,地区级,湖南,湘西自治州,0,1,0
2月1日,地区级,湖北,襄阳,94,0,0
2月1日,地区级,湖北,孝感,121,0,2
2月1日,地区级,山西,忻州,2,0,0
2月1日,地区级,新疆,新疆生产建设兵团,3,0,0
2月1日,地区级,江西,新余,3,1,0
2月1日,地区级,河南,信阳,0,4,0
2月1日,地区级,河南,信阳,18,0,0
2月1日,地区级,安徽,宿州,2,0,0
2月1日,地区级,重庆,巫山县,0,2,0
2月1日,地区级,江苏,徐州,7,0,0
2月1日,地区级,河南,许昌,1,0,0
2月1日,地区级,江苏,盐城,2,0,0
2月1日,地区级,湖北,宜昌,77,0,0
2月1日,地区级,江西,宜春,2,0,0
2月1日,地区级,湖南,益阳,3,0,0
2月1日,地区级,宁夏,银川,1,0,0
2月1日,地区级,江西,鹰潭,4,0,0
2月1日,地区级,重庆,巫山县,0,0,0
2月1日,地区级,湖南,永州,4,0,0
2月1日,地区级,广西,玉林,2,0,0
2月1日,地区级,云南,玉溪,4,0,0
2月1日,地区级,湖南,岳阳,8,0,0
2月1日,地区级,山西,运城,0,1,0
2月1日,地区级,山东,枣庄,1,0,0
2月1日,地区级,山东,枣庄,2,0,0
2月1日,地区级,广东,湛江,1,0,0
2月1日,地区级,湖南,张家界,1,0,0
2月1日,地区级,河北,张家口,1,0,0
2月1日,地区级,福建,漳州,1,0,0
2月1日,地区级,吉林,长春,6,0,0
2月1日,地区级,湖南,长沙,26,0,0
2月1日,地区级,云南,昭通,2,0,0
2月1日,地区级,广东,肇庆,1,0,0
2月1日,地区级,江苏,镇江,1,0,0
2月1日,地区级,河南,郑州,0,2,0
2月1日,地区级,河南,郑州,9,0,0
2月1日,地区级,广东,中山,3,0,0
2月1日,地区级,河南,周口,0,1,0
2月1日,地区级,河南,周口,2,0,0
2月1日,地区级,广东,珠海,0,0,0
2月1日,地区级,广东,珠海,3,0,0
2月1日,地区级,湖南,株洲,0,1,0
2月1日,地区级,湖南,株洲,3,0,0
2月1日,地区级,河南,驻马店,6,0,0
2月1日,地区级,山东,淄博,2,0,0
2月1日,地区级,贵州,遵义,1,0,0
2月1日,省级,安徽,,43,,
2月1日,省级,澳门,,0,,
2月1日,省级,北京,,27,,
2月1日,省级,福建,,15,,
2月1日,省级,甘肃,,5,,
2月1日,省级,广东,,84,,
2月1日,省级,广西,,11,,
2月1日,省级,贵州,,9,,
2月1日,省级,海南,,6,,
2月1日,省级,河北,,8,,
2月1日,省级,河南,,71,,
2月1日,省级,黑龙江,,15,,
2月1日,省级,湖北,,1921,,
2月1日,省级,湖南,,74,,
2月1日,省级,吉林,,6,,
2月1日,省级,江苏,,34,,
2月1日,省级,江西,,47,,
2月1日,省级,辽宁,,4,,
2月1日,省级,内蒙古,,4,,
2月1日,省级,宁夏,,2,,
2月1日,省级,青海,,0,,
2月1日,省级,山东,,23,,
2月1日,省级,山西,,9,,
2月1日,省级,陕西,,15,,
2月1日,省级,上海,,24,,
2月1日,省级,四川,,24,,
2月1日,省级,台湾,,0,,
2月1日,地区级,天津,宁河区,0,0,0
2月1日,省级,西藏,,0,,
2月1日,地区级,香港,,1,0,0
2月1日,省级,香港,,1,,
2月1日,省级,新疆,,3,,
2月1日,省级,云南,,16,,
2月1日,省级,浙江,,62,,
2月1日,国家级,,,2591,,
2月1日,地区级,重庆,巫溪县,1,0,0
2月1日,地区级,重庆,秀山县,0,0,0
2月1日,地区级,重庆,永川区,0,1,0
2月1日,地区级,重庆,渝北区,1,0,0
2月1日,地区级,重庆,渝中区,2,0,0
2月1日,地区级,重庆,云阳县,0,1,0
2月1日,地区级,重庆,长寿区,1,0,0
2月1日,地区级,重庆,忠县,3,0,0
2月1日,省级,重庆,,24,,
2月1日,省级,天津,,9,,
2月2日,地区级,重庆,巴南区,1,0,0
2月2日,地区级,天津,宝坻区,2,0,0
2月2日,地区级,天津,宝坻区,4,0,0
2月2日,地区级,天津,宝坻区,2,0,0
2月2日,地区级,重庆,城口县,1,0,0
2月2日,地区级,重庆,大足区,1,0,0
2月2日,地区级,重庆,垫江县,1,1,0
2月2日,地区级,重庆,奉节县,1,0,0
2月2日,地区级,重庆,涪陵区,1,0,0
2月2日,地区级,重庆,高新区,1,0,0
2月2日,地区级,天津,和平区,1,0,0
2月2日,地区级,天津,和平区,1,0,0
2月2日,地区级,重庆,江北区,3,0,0
2月2日,地区级,重庆,九龙坡区,2,0,0
2月2日,地区级,重庆,开州区,1,0,0
2月2日,地区级,重庆,两江新区,1,0,0
2月2日,地区级,重庆,南岸区,1,0,0
2月2日,地区级,重庆,南岸区,2,0,0
2月2日,地区级,重庆,綦江区,5,0,0
2月2日,地区级,重庆,綦江区,1,0,0
2月2日,地区级,天津,河东区,3,0,0
2月2日,地区级,重庆,荣昌区,1,0,0
2月2日,地区级,重庆,荣昌区,1,0,0
2月2日,地区级,重庆,铜梁区,3,0,0
2月2日,地区级,天津,红桥区,0,1,0
2月2日,地区级,重庆,潼南区,1,0,0
2月2日,地区级,重庆,潼南区,1,0,0
2月2日,地区级,天津,南开区,1,0,0
2月2日,地区级,重庆,万州区,1,0,0
2月2日,地区级,重庆,万州区,5,0,1
2月2日,地区级,重庆,巫山县,1,0,0
2月2日,国外,美国,NA,1,0,0
2月2日,地区级,香港,NA,1,0,0
2月2日,国外,印度,NA,1,0,0
2月2日,国外,越南,NA,1,0,0
2月2日,地区级,陕西,安康,1,0,0
2月2日,地区级,安徽,安庆,4,0,0
2月2日,地区级,河南,安阳,4,0,0
2月2日,地区级,四川,巴中,4,0,0
2月2日,地区级,安徽,蚌埠,11,0,0
2月2日,地区级,内蒙古,包头,1,0,0
2月2日,地区级,天津,宁河区,1,0,0
2月2日,地区级,天津,宁河区,1,0,0
2月2日,地区级,陕西,宝鸡,1,0,0
2月2日,地区级,上海,宝山,2,0,0
2月2日,地区级,广西,北海,3,0,0
2月2日,地区级,山东,滨州,1,0,0
2月2日,地区级,安徽,亳州,9,0,0
2月2日,地区级,海南,昌江县,2,0,0
2月2日,地区级,北京,昌平,1,0,0
2月2日,地区级,湖南,常德,3,0,0
2月2日,地区级,北京,朝阳,-2,0,0
2月2日,地区级,广东,潮州,1,0,0
2月2日,地区级,湖南,郴州,3,0,0
2月2日,地区级,四川,成都,4,0,0
2月2日,地区级,安徽,滁州,2,0,0
2月2日,地区级,四川,达州,2,0,0
2月2日,地区级,黑龙江,大庆,3,0,0
2月2日,地区级,山西,大同,1,0,0
2月2日,地区级,北京,大兴,6,0,0
2月2日,地区级,海南,儋州,1,0,0
2月2日,地区级,北京,地区待确认,0,3,0
2月2日,地区级,广东,地区待确认,0,2,0
2月2日,地区级,河南,地区待确认,0,10,0
2月2日,地区级,四川,地区待确认,0,3,0
2月2日,地区级,云南,地区待确认,5,0,0
2月2日,地区级,北京,东城,-1,0,0
2月2日,地区级,广东,东莞,4,0,0
2月2日,地区级,内蒙古,鄂尔多斯,3,0,0
2月2日,地区级,湖北,鄂州,28,2,2
2月2日,地区级,湖北,恩施州,6,4,0
2月2日,地区级,广西,防城港,1,0,0
2月2日,地区级,北京,房山,2,0,0
2月2日,地区级,北京,丰台,1,0,0
2月2日,地区级,广东,佛山,2,0,0
2月2日,地区级,广东,佛山,4,0,0
2月2日,地区级,福建,福州,3,0,0
2月2日,地区级,江西,抚州,5,0,0
2月2日,地区级,辽宁,阜新,2,0,0
2月2日,地区级,安徽,阜阳,6,0,0
2月2日,地区级,四川,甘孜,1,0,0
2月2日,地区级,江西,赣州,2,0,0
2月2日,地区级,四川,广安,1,0,0
2月2日,地区级,广东,广州,11,0,0
2月2日,地区级,广东,广州,14,0,0
2月2日,地区级,广西,贵港,1,0,0
2月2日,地区级,贵州,贵阳,1,0,0
2月2日,地区级,广西,桂林,0,4,0
2月2日,地区级,广西,桂林,1,0,0
2月2日,地区级,黑龙江,哈尔滨,11,0,0
2月2日,地区级,青海,海北州,1,0,0
2月2日,地区级,北京,海淀,1,0,0
2月2日,地区级,海南,海口,2,0,0
2月2日,地区级,浙江,杭州,8,0,0
2月2日,地区级,安徽,合肥,16,0,0
2月2日,地区级,山东,菏泽,1,0,0
2月2日,地区级,广西,贺州,1,0,0
2月2日,地区级,湖南,衡阳,2,0,0
2月2日,地区级,内蒙古,呼和浩特,2,0,0
2月2日,地区级,浙江,湖州,3,0,0
2月2日,地区级,湖南,怀化,1,0,0
2月2日,地区级,北京,怀柔,2,0,0
2月2日,地区级,江苏,淮安,5,0,0
2月2日,地区级,安徽,淮北,2,0,0
2月2日,地区级,安徽,淮南,1,0,0
2月2日,地区级,湖北,黄冈,244,5,2
2月2日,地区级,湖北,黄石,82,8,0
2月2日,地区级,广东,惠州,5,0,0
2月2日,地区级,黑龙江,鸡西,2,0,0
2月2日,地区级,江西,吉安,1,0,0
2月2日,地区级,吉林,吉林,1,0,0
2月2日,地区级,山东,济南,3,0,0
2月2日,地区级,山东,济宁,4,0,0
2月2日,地区级,河南,济源示范区,2,0,0
2月2日,地区级,广东,江门,1,0,0
2月2日,地区级,河南,焦作,1,0,0
2月2日,地区级,浙江,金华,2,3,0
2月2日,地区级,山西,晋城,3,0,0
2月2日,地区级,山西,晋中,2,0,0
2月2日,地区级,湖北,荆门,16,3,4
2月2日,地区级,湖北,荆州,166,2,2
2月2日,地区级,江西,九江,9,2,0
2月2日,地区级,云南,昆明,1,0,0
2月2日,地区级,甘肃,兰州,3,0,0
2月2日,地区级,河北,廊坊,1,0,0
2月2日,地区级,浙江,丽水,2,0,0
2月2日,地区级,江苏,连云港,1,0,0
2月2日,地区级,四川,凉山,1,0,0
2月2日,地区级,山东,聊城,1,0,0
2月2日,地区级,甘肃,临夏,1,0,0
2月2日,地区级,山东,临沂,0,1,0
2月2日,国外,山东,临沂,1,0,0
2月2日,地区级,广西,柳州,2,0,0
2月2日,地区级,安徽,六安,7,0,0
2月2日,地区级,贵州,六盘水,1,0,0
2月2日,地区级,甘肃,陇南,1,0,0
2月2日,地区级,湖南,娄底,6,1,0
2月2日,地区级,四川,泸州,1,0,0
2月2日,地区级,河南,漯河,4,0,0
2月2日,地区级,安徽,马鞍山,1,0,0
2月2日,地区级,广东,茂名,1,0,0
2月2日,地区级,四川,眉山,1,0,0
2月2日,地区级,广东,梅州,1,0,0
2月2日,地区级,广东,梅州,1,0,0
2月2日,地区级,北京,门头沟,1,0,0
2月2日,地区级,四川,绵阳,3,0,0
2月2日,地区级,上海,闵行,1,0,0
2月2日,地区级,黑龙江,牡丹江,1,0,0
2月2日,地区级,江西,南昌,14,3,0
2月2日,地区级,四川,南充,3,0,0
2月2日,地区级,江苏,南京,5,0,0
2月2日,地区级,广西,南宁,6,0,0
2月2日,地区级,福建,南平,3,0,0
2月2日,地区级,江苏,南通,2,0,0
2月2日,地区级,河南,南阳,8,0,0
2月2日,地区级,四川,内江,1,0,0
2月2日,地区级,浙江,宁波,9,0,0
2月2日,地区级,福建,宁德,3,0,0
2月2日,地区级,天津,外地来津,1,0,0
2月2日,地区级,天津,外地来津,1,0,0
2月2日,地区级,四川,攀枝花,1,0,0
2月2日,地区级,河南,平顶山,5,0,0
2月2日,地区级,江西,萍乡,3,0,0
2月2日,地区级,福建,莆田,7,0,0
2月2日,地区级,上海,浦东,1,0,0
2月2日,地区级,上海,浦东,4,0,0
2月2日,地区级,上海,普陀,2,0,0
2月2日,地区级,上海,普陀,1,0,0
2月2日,地区级,黑龙江,七台河,1,0,0
2月2日,地区级,黑龙江,齐齐哈尔,3,0,0
2月2日,地区级,河北,秦皇岛,1,0,0
2月2日,地区级,山东,青岛,1,0,0
2月2日,地区级,山东,青岛,1,0,0
2月2日,地区级,广东,清远,0,1,0
2月2日,地区级,广东,清远,1,0,0
2月2日,地区级,甘肃,庆阳,1,0,0
2月2日,地区级,海南,琼海,1,0,0
2月2日,地区级,浙江,衢州,1,0,0
2月2日,地区级,云南,曲靖,1,0,0
2月2日,地区级,福建,泉州,2,0,0
2月2日,地区级,山东,日照,2,0,0
2月2日,地区级,山东,日照,1,0,0
2月2日,地区级,海南,三亚,1,0,0
2月2日,地区级,福建,厦门,1,0,0
2月2日,地区级,广东,汕头,1,0,0
2月2日,地区级,广东,汕头,3,0,0
2月2日,地区级,广东,汕尾,1,0,0
2月2日,地区级,河南,商丘,6,0,0
2月2日,地区级,江西,上饶,13,3,0
2月2日,地区级,湖南,邵阳,2,0,0
2月2日,地区级,浙江,绍兴,3,1,0
2月2日,地区级,广东,深圳,0,5,0
2月2日,地区级,广东,深圳,19,0,0
2月2日,地区级,广东,深圳,30,0,0
2月2日,地区级,辽宁,沈阳,1,0,0
2月2日,地区级,辽宁,沈阳,1,0,0
2月2日,地区级,湖北,十堰,44,2,0
2月2日,地区级,河北,石家庄,3,0,0
2月2日,地区级,黑龙江,双鸭山,3,0,0
2月2日,地区级,吉林,四平,3,0,0
2月2日,地区级,江苏,苏州,6,0,0
2月2日,地区级,黑龙江,绥化,2,0,0
2月2日,地区级,湖北,随州,74,0,2
2月2日,地区级,四川,遂宁,0,1,0
2月2日,地区级,浙江,台州,0,4,0
2月2日,地区级,浙江,台州,9,3,0
2月2日,地区级,山东,泰安,1,0,0
2月2日,地区级,山东,泰安,0,1,0
2月2日,地区级,山东,泰安,2,0,0
2月2日,地区级,江苏,泰州,4,0,0
2月2日,地区级,湖北,天门,16,0,3
2月2日,地区级,甘肃,天水,5,0,0
2月2日,地区级,陕西,铜川,1,0,0
2月2日,地区级,安徽,铜陵,2,0,0
2月2日,地区级,贵州,铜仁,3,0,0
2月2日,地区级,上海,外地来沪,3,0,0
2月2日,地区级,上海,外地来沪,2,0,0
2月2日,地区级,北京,外地来京,8,0,0
2月2日,地区级,海南,万宁,1,0,0
2月2日,地区级,山东,威海,1,0,0
2月2日,地区级,山东,潍坊,2,0,0
2月2日,地区级,陕西,渭南,1,0,0
2月2日,地区级,浙江,温州,26,5,0
2月2日,地区级,海南,文昌,1,0,0
2月2日,地区级,内蒙古,乌兰察布,1,0,0
2月2日,地区级,新疆,乌鲁木齐,2,0,0
2月2日,地区级,江苏,无锡,4,0,0
2月2日,地区级,广西,梧州,0,1,0
2月2日,地区级,湖北,武汉,0,8,0
2月2日,地区级,湖北,武汉,1033,53,41
2月2日,地区级,陕西,西安,8,0,0
2月2日,地区级,北京,西城,4,0,0
2月2日,地区级,青海,西宁,3,0,0
2月2日,地区级,云南,西双版纳州,1,0,0
2月2日,地区级,湖北,仙桃,29,0,0
2月2日,地区级,湖北,咸宁,50,0,0
2月2日,地区级,湖南,湘潭,3,0,0
2月2日,地区级,湖北,襄阳,107,0,0
2月2日,地区级,湖北,孝感,169,0,0
2月2日,地区级,河南,新乡,4,0,0
2月2日,地区级,江西,新余,7,0,0
2月2日,地区级,河南,信阳,11,0,0
2月2日,地区级,河北,邢台,4,0,0
2月2日,地区级,江苏,宿迁,1,0,0
2月2日,地区级,安徽,宿州,7,0,0
2月2日,地区级,上海,徐汇,2,0,0
2月2日,地区级,江苏,徐州,6,0,0
2月2日,地区级,河南,许昌,2,0,0
2月2日,地区级,安徽,宣城,0,1,0
2月2日,地区级,山东,烟台,4,0,0
2月2日,地区级,山东,烟台,2,0,0
2月2日,地区级,北京,延庆,1,0,0
2月2日,地区级,江苏,扬州,1,0,0
2月2日,地区级,山西,阳泉,1,0,0
2月2日,地区级,上海,杨浦,2,0,0
2月2日,地区级,新疆,伊犁州,1,0,0
2月2日,地区级,湖北,宜昌,39,1,0
2月2日,地区级,江西,宜春,5,0,0
2月2日,国外,湖南,益阳,0,1,0
2月2日,地区级,湖南,益阳,3,0,0
2月2日,地区级,宁夏,银川,3,0,0
2月2日,地区级,湖南,永州,4,2,0
2月2日,地区级,广西,玉林,1,0,0
2月2日,地区级,云南,玉溪,1,0,0
2月2日,地区级,湖南,岳阳,17,0,0
2月2日,地区级,山西,运城,3,0,0
2月2日,地区级,山东,枣庄,1,0,0
2月2日,地区级,福建,漳州,1,0,0
2月2日,地区级,吉林,长春,4,0,0
2月2日,地区级,上海,长宁,1,0,0
2月2日,地区级,湖南,长沙,13,0,0
2月2日,地区级,广东,肇庆,3,0,0
2月2日,地区级,河南,郑州,7,0,0
2月2日,地区级,广东,中山,4,0,0
2月2日,地区级,浙江,舟山,0,1,0
2月2日,地区级,河南,周口,7,0,0
2月2日,地区级,广东,珠海,4,0,0
2月2日,地区级,广东,珠海,10,0,0
2月2日,地区级,湖南,株洲,1,0,0
2月2日,地区级,河南,驻马店,12,0,0
2月2日,地区级,贵州,遵义,3,0,0
2月2日,省级,安徽,,68,,
2月2日,省级,澳门,,1,,
2月2日,省级,北京,,29,,
2月2日,省级,福建,,20,,
2月2日,省级,甘肃,,11,,
2月2日,省级,广东,,79,,
2月2日,省级,广西,,16,,
2月2日,省级,贵州,,8,,
2月2日,省级,海南,,8,,
2月2日,省级,河北,,9,,
2月2日,省级,河南,,73,,
2月2日,省级,黑龙江,,23,,
2月2日,省级,湖北,,2103,,
2月2日,省级,湖南,,58,,
2月2日,省级,吉林,,8,,
2月2日,省级,江苏,,35,,
2月2日,省级,江西,,58,,
2月2日,省级,辽宁,,6,,
2月2日,省级,内蒙古,,7,,
2月2日,省级,宁夏,,3,,
2月2日,省级,青海,,4,,
2月2日,省级,山东,,21,,
2月2日,省级,山西,,10,,
2月2日,省级,陕西,,12,,
2月2日,省级,上海,,16,,
2月2日,省级,四川,,23,,
2月2日,省级,台湾,,0,,
2月2日,地区级,天津,西青区,1,0,0
2月2日,省级,西藏,,0,,
2月2日,省级,香港,,1,,
2月2日,省级,新疆,,3,,
2月2日,省级,云南,,6,,
2月2日,省级,浙江,,63,,
2月2日,国家级,,,2831,,
2月2日,省级,重庆,,38,,
2月2日,省级,天津,,7,,
2月3日,地区级,重庆,巴南区,1,0,0
2月3日,地区级,天津,宝坻区,2,0,0
2月3日,地区级,重庆,璧山区,0,0,0
2月3日,地区级,天津,滨海新区,0,0,0
2月3日,地区级,重庆,城口县,0,0,0
2月3日,地区级,重庆,大渡口区,1,0,0
2月3日,地区级,重庆,大足区,2,0,0
2月3日,地区级,重庆,垫江县,0,0,0
2月3日,地区级,重庆,丰都县,1,0,0
2月3日,地区级,天津,东丽区,0,0,0
2月3日,地区级,重庆,奉节县,0,0,0
2月3日,地区级,重庆,涪陵区,0,0,0
2月3日,地区级,重庆,高新区,0,0,0
2月3日,地区级,重庆,合川区,0,0,0
2月3日,地区级,天津,和平区,1,0,0
2月3日,地区级,重庆,江北区,0,0,0
2月3日,地区级,重庆,江津区,0,0,0
2月3日,地区级,重庆,九龙坡区,2,0,0
2月3日,地区级,重庆,开州区,1,0,0
2月3日,地区级,天津,河北区,1,0,0
2月3日,地区级,重庆,梁平区,0,0,0
2月3日,地区级,重庆,两江新区,0,0,0
2月3日,地区级,重庆,南岸区,0,0,0
2月3日,地区级,重庆,彭水县,2,0,0
2月3日,地区级,重庆,綦江区,0,0,0
2月3日,地区级,天津,河东区,1,0,0
2月3日,地区级,重庆,黔江区,0,0,0
2月3日,地区级,重庆,荣昌区,2,0,0
2月3日,地区级,重庆,沙坪坝区,0,0,0
2月3日,地区级,天津,河西区,1,0,0
2月3日,地区级,重庆,石柱县,2,0,0
2月3日,地区级,重庆,铜梁区,0,0,0
2月3日,地区级,重庆,潼南区,0,0,0
2月3日,地区级,天津,红桥区,0,0,0
2月3日,地区级,天津,南开区,0,0,0
2月3日,地区级,重庆,万州区,6,0,0
2月3日,地区级,重庆,巫山县,0,0,0
2月3日,地区级,天津,宁河区,0,0,0
2月3日,地区级,重庆,巫溪县,0,0,0
2月3日,地区级,重庆,武隆区,0,0,0
2月3日,地区级,重庆,秀山县,0,0,0
2月3日,地区级,重庆,永川区,0,0,0
2月3日,地区级,天津,外地来津,0,0,0
2月3日,国外,阿联酋,NA,5,0,0
2月3日,国外,澳大利亚,NA,12,2,0
2月3日,国外,德国,NA,12,0,0
2月3日,国外,俄罗斯,NA,2,0,0
2月3日,国外,法国,NA,6,0,0
2月3日,国外,菲律宾,NA,2,0,1
2月3日,国外,芬兰,NA,1,0,0
2月3日,国外,韩国,NA,16,0,0
2月3日,国外,加拿大,NA,4,0,0
2月3日,国外,柬埔寨,NA,1,0,0
2月3日,国外,马来西亚,NA,8,0,0
2月3日,国外,美国,NA,16,1,0
2月3日,国外,尼泊尔,NA,1,0,0
2月3日,国外,日本,NA,20,1,0
2月3日,国外,瑞典,NA,1,0,0
2月3日,国外,斯里兰卡,NA,1,1,0
2月3日,国外,泰国,NA,19,7,0
2月3日,国外,新加坡,NA,18,0,0
2月3日,国外,意大利,NA,2,0,0
2月3日,国外,印度,NA,3,0,0
2月3日,国外,英国,NA,2,0,0
2月3日,国外,越南,NA,8,0,0
2月3日,地区级,四川,阿坝州,0,0,0
2月3日,地区级,新疆,阿克苏,0,0,0
2月3日,地区级,陕西,安康,0,0,0
2月3日,地区级,安徽,安庆,8,0,0
2月3日,地区级,贵州,安顺,0,0,0
2月3日,地区级,河南,安阳,4,0,0
2月3日,地区级,辽宁,鞍山,0,0,0
2月3日,地区级,澳门,澳门,1,0,0
2月3日,地区级,内蒙古,巴彦淖尔,0,0,0
2月3日,地区级,四川,巴中,0,0,0
2月3日,地区级,甘肃,白银,0,0,0
2月3日,地区级,广西,百色,0,0,0
2月3日,地区级,安徽,蚌埠,6,0,0
2月3日,地区级,内蒙古,包头,0,0,0
2月3日,地区级,天津,西青区,0,0,0
2月3日,地区级,陕西,宝鸡,2,0,0
2月3日,地区级,上海,宝山,1,0,0
2月3日,地区级,河北,保定,0,0,0
2月3日,地区级,云南,保山,0,0,0
2月3日,地区级,广西,北海,1,0,0
2月3日,地区级,辽宁,本溪,0,0,0
2月3日,地区级,贵州,毕节,4,0,0
2月3日,地区级,山东,滨州,0,0,0
2月3日,地区级,新疆,兵团第九师,0,0,0
2月3日,地区级,新疆,兵团第六师五家渠,1,0,0
2月3日,地区级,安徽,亳州,9,0,0
2月3日,地区级,河北,沧州,1,0,0
2月3日,地区级,新疆,昌吉州,1,0,0
2月3日,地区级,海南,昌江县,0,0,0
2月3日,地区级,北京,昌平,1,0,0
2月3日,地区级,湖南,常德,5,0,0
2月3日,地区级,江苏,常州,4,2,0
2月3日,地区级,北京,朝阳,5,0,0
2月3日,地区级,辽宁,朝阳市,0,0,0
2月3日,地区级,广东,潮州,0,0,0
2月3日,地区级,湖南,郴州,1,0,0
2月3日,地区级,四川,成都,10,0,0
2月3日,地区级,河北,承德,1,0,0
2月3日,地区级,海南,澄迈县,1,0,0
2月3日,地区级,安徽,池州,4,0,0
2月3日,地区级,内蒙古,赤峰,0,0,0
2月3日,地区级,上海,崇明,0,0,0
2月3日,地区级,安徽,滁州,3,0,0
2月3日,地区级,云南,楚雄州,0,0,0
2月3日,地区级,四川,达州,2,1,0
2月3日,地区级,云南,大理,0,0,0
2月3日,地区级,辽宁,大连,0,0,0
2月3日,地区级,黑龙江,大庆,0,0,0
2月3日,地区级,山西,大同,0,0,0
2月3日,地区级,北京,大兴,1,0,0
2月3日,地区级,黑龙江,大兴安岭,0,0,0
2月3日,地区级,辽宁,丹东,0,0,0
2月3日,地区级,海南,儋州,1,0,0
2月3日,地区级,云南,德宏州,0,0,0
2月3日,地区级,四川,德阳,2,0,0
2月3日,地区级,山东,德州,0,0,0
2月3日,地区级,北京,地区待确认,0,11,0
2月3日,地区级,广东,地区待确认,0,0,0
2月3日,地区级,河南,地区待确认,0,4,0
2月3日,地区级,湖北,地区待确认,0,0,0
2月3日,地区级,上海,地区待确认,0,2,0
2月3日,地区级,四川,地区待确认,0,0,0
2月3日,地区级,台湾,地区待确认,0,0,0
2月3日,地区级,西藏,地区待确认,0,0,0
2月3日,地区级,新疆,第八师石河子,0,0,0
2月3日,地区级,新疆,第七师,0,0,0
2月3日,地区级,重庆,渝北区,0,0,0
2月3日,地区级,海南,定安县,2,0,0
2月3日,地区级,甘肃,定西,0,0,0
2月3日,地区级,北京,东城,0,0,0
2月3日,地区级,海南,东方,0,0,0
2月3日,地区级,广东,东莞,6,0,0
2月3日,地区级,内蒙古,鄂尔多斯,0,0,0
2月3日,地区级,湖北,鄂州,26,2,3
2月3日,地区级,湖北,恩施州,12,0,0
2月3日,地区级,广西,防城港,2,0,0
2月3日,地区级,北京,房山,1,0,0
2月3日,地区级,北京,丰台,1,0,0
2月3日,地区级,上海,奉贤,0,0,0
2月3日,地区级,广东,佛山,3,0,0
2月3日,地区级,福建,福州,6,0,0
2月3日,地区级,江西,抚州,5,0,0
2月3日,地区级,辽宁,阜新,0,0,0
2月3日,地区级,安徽,阜阳,14,0,0
2月3日,地区级,甘肃,甘南州,0,0,0
2月3日,地区级,四川,甘孜,2,0,0
2月3日,地区级,江西,赣州,7,0,0
2月3日,地区级,吉林,公主岭,2,0,0
2月3日,地区级,宁夏,固原,0,0,0
2月3日,地区级,四川,广安,3,0,0
2月3日,地区级,四川,广元,1,0,0
2月3日,地区级,广东,广州,27,0,0
2月3日,地区级,广西,贵港,0,0,0
2月3日,地区级,贵州,贵阳,3,0,0
2月3日,地区级,广西,桂林,0,0,0
2月3日,地区级,黑龙江,哈尔滨,18,0,0
2月3日,地区级,青海,海北州,2,0,0
2月3日,地区级,北京,海淀,3,0,0
2月3日,地区级,海南,海口,1,0,0
2月3日,地区级,河北,邯郸,3,0,0
2月3日,地区级,陕西,韩城,0,0,0
2月3日,地区级,陕西,汉中,1,0,0
2月3日,地区级,浙江,杭州,14,4,0
2月3日,地区级,安徽,合肥,6,0,0
2月3日,地区级,广西,河池,2,0,0
2月3日,地区级,广东,河源,0,0,0
2月3日,地区级,山东,菏泽,0,0,0
2月3日,地区级,广西,贺州,0,0,0
2月3日,地区级,河南,鹤壁,2,0,0
2月3日,地区级,黑龙江,鹤岗,1,0,0
2月3日,地区级,黑龙江,黑河,0,0,0
2月3日,地区级,河北,衡水,1,0,0
2月3日,地区级,湖南,衡阳,3,0,0
2月3日,地区级,云南,红河,0,0,0
2月3日,地区级,上海,虹口,0,0,0
2月3日,地区级,内蒙古,呼和浩特,0,0,0
2月3日,地区级,内蒙古,呼伦贝尔,1,0,0
2月3日,地区级,辽宁,葫芦岛,0,0,0
2月3日,地区级,浙江,湖州,0,0,0
2月3日,地区级,湖南,怀化,3,0,0
2月3日,地区级,北京,怀柔,0,0,0
2月3日,地区级,江苏,淮安,4,0,0
2月3日,地区级,安徽,淮北,3,0,0
2月3日,地区级,安徽,淮南,1,0,0
2月3日,地区级,湖北,黄冈,176,9,2
2月3日,地区级,上海,黄浦,0,0,0
2月3日,地区级,安徽,黄山,0,0,0
2月3日,地区级,湖北,黄石,71,0,0
2月3日,地区级,广东,惠州,1,0,0
2月3日,地区级,黑龙江,鸡西,3,0,0
2月3日,地区级,江西,吉安,2,0,0
2月3日,地区级,吉林,吉林,1,0,0
2月3日,地区级,山东,济南,3,0,0
2月3日,地区级,山东,济宁,3,0,0
2月3日,地区级,河南,济源示范区,0,0,0
2月3日,地区级,黑龙江,佳木斯,0,0,0
2月3日,地区级,上海,嘉定,1,0,0
2月3日,地区级,浙江,嘉兴,4,0,0
2月3日,地区级,广东,江门,2,0,0
2月3日,地区级,河南,焦作,4,0,0
2月3日,地区级,广东,揭阳,0,0,0
2月3日,地区级,甘肃,金昌,0,0,0
2月3日,地区级,浙江,金华,4,0,0
2月3日,地区级,上海,金山,0,0,0
2月3日,地区级,辽宁,锦州,0,0,0
2月3日,地区级,山西,晋城,1,0,0
2月3日,地区级,山西,晋中,4,0,0
2月3日,地区级,湖北,荆门,55,0,3
2月3日,地区级,湖北,荆州,114,3,1
2月3日,地区级,江西,景德镇,1,0,0
2月3日,地区级,上海,静安,0,0,0
2月3日,地区级,江西,九江,14,0,0
2月3日,地区级,重庆,渝中区,4,0,0
2月3日,地区级,河南,开封,1,0,0
2月3日,地区级,云南,昆明,1,0,0
2月3日,地区级,甘肃,兰州,0,0,0
2月3日,地区级,河北,廊坊,0,0,0
2月3日,地区级,海南,乐东,0,0,0
2月3日,地区级,四川,乐山,0,0,0
2月3日,地区级,云南,丽江,0,0,0
2月3日,地区级,浙江,丽水,0,0,0
2月3日,地区级,江苏,连云港,3,0,0
2月3日,地区级,四川,凉山,0,0,0
2月3日,地区级,辽宁,辽阳,0,0,0
2月3日,地区级,吉林,辽源,3,0,0
2月3日,地区级,山东,聊城,0,0,0
2月3日,地区级,云南,临沧,0,0,0
2月3日,地区级,山西,临汾,0,0,0
2月3日,地区级,海南,临高县,0,0,0
2月3日,地区级,甘肃,临夏,0,0,0
2月3日,地区级,山东,临沂,2,0,0
2月3日,地区级,海南,陵水县,0,0,0
2月3日,地区级,广西,柳州,1,0,0
2月3日,地区级,安徽,六安,10,0,0
2月3日,地区级,贵州,六盘水,0,0,0
2月3日,地区级,福建,龙岩,1,0,0
2月3日,地区级,甘肃,陇南,0,0,0
2月3日,地区级,湖南,娄底,5,0,0
2月3日,地区级,四川,泸州,2,0,0
2月3日,地区级,河南,洛阳,5,0,0
2月3日,地区级,河南,漯河,3,0,0
2月3日,地区级,山西,吕梁,0,0,0
2月3日,地区级,安徽,马鞍山,0,0,0
2月3日,地区级,广东,茂名,1,0,0
2月3日,地区级,四川,眉山,2,0,0
2月3日,地区级,广东,梅州,2,0,0
2月3日,地区级,北京,门头沟,0,0,0
2月3日,地区级,四川,绵阳,0,0,0
2月3日,地区级,上海,闵行,0,0,0
2月3日,地区级,黑龙江,牡丹江,0,0,0
2月3日,地区级,江西,南昌,18,0,0
2月3日,地区级,四川,南充,1,0,0
2月3日,地区级,江苏,南京,4,0,0
2月3日,地区级,广西,南宁,5,0,0
2月3日,地区级,福建,南平,0,0,0
2月3日,地区级,江苏,南通,3,0,0
2月3日,地区级,河南,南阳,15,0,0
2月3日,地区级,四川,内江,3,0,0
2月3日,地区级,浙江,宁波,27,0,0
2月3日,地区级,福建,宁德,0,0,0
2月3日,地区级,宁夏,宁东管委会,0,0,0
2月3日,地区级,四川,攀枝花,0,0,0
2月3日,地区级,辽宁,盘锦,0,0,0
2月3日,地区级,河南,平顶山,9,0,0
2月3日,地区级,甘肃,平凉,0,0,0
2月3日,地区级,江西,萍乡,2,0,0
2月3日,地区级,福建,莆田,3,0,0
2月3日,地区级,河南,濮阳,1,0,0
2月3日,地区级,上海,浦东,0,0,0
2月3日,地区级,云南,普洱,0,0,0
2月3日,地区级,上海,普陀,0,0,0
2月3日,地区级,黑龙江,七台河,1,0,0
2月3日,地区级,黑龙江,齐齐哈尔,3,0,0
2月3日,地区级,湖北,潜江,9,0,0
2月3日,地区级,贵州,黔东南州,0,0,0
2月3日,地区级,贵州,黔南州,1,0,0
2月3日,地区级,贵州,黔西南州,1,0,0
2月3日,地区级,广西,钦州,1,0,0
2月3日,地区级,河北,秦皇岛,0,0,0
2月3日,地区级,山东,青岛,3,0,0
2月3日,地区级,上海,青浦,0,0,0
2月3日,地区级,广东,清远,2,0,0
2月3日,地区级,甘肃,庆阳,0,0,0
2月3日,地区级,海南,琼海,0,0,0
2月3日,地区级,海南,琼中县,0,0,0
2月3日,地区级,浙江,衢州,1,0,0
2月3日,地区级,云南,曲靖,2,0,0
2月3日,地区级,福建,泉州,4,0,0
2月3日,地区级,山东,日照,0,0,0
2月3日,地区级,河南,三门峡,0,0,0
2月3日,地区级,福建,三明,0,0,0
2月3日,地区级,海南,三亚,0,0,0
2月3日,地区级,福建,厦门,1,0,0
2月3日,地区级,广东,汕头,1,0,0
2月3日,地区级,广东,汕尾,0,0,0
2月3日,地区级,陕西,商洛,3,0,0
2月3日,地区级,河南,商丘,10,0,0
2月3日,地区级,江西,上饶,18,0,0
2月3日,地区级,广东,韶关,1,0,0
2月3日,地区级,湖南,邵阳,4,0,0
2月3日,地区级,浙江,绍兴,0,1,0
2月3日,地区级,广东,深圳,43,0,0
2月3日,地区级,湖北,神农架,3,0,0
2月3日,地区级,辽宁,沈阳,0,0,0
2月3日,地区级,湖北,十堰,35,4,0
2月3日,地区级,河北,石家庄,5,0,0
2月3日,地区级,北京,石景山,1,0,0
2月3日,地区级,宁夏,石嘴山,1,0,0
2月3日,地区级,黑龙江,双鸭山,5,0,0
2月3日,地区级,北京,顺义,0,0,0
2月3日,地区级,山西,朔州,0,0,0
2月3日,地区级,吉林,四平,3,0,0
2月3日,地区级,上海,松江,0,0,0
2月3日,地区级,吉林,松原,0,0,0
2月3日,地区级,江苏,苏州,8,0,0
2月3日,地区级,黑龙江,绥化,6,0,0
2月3日,地区级,湖北,随州,183,0,1
2月3日,地区级,四川,遂宁,0,0,0
2月3日,地区级,浙江,台州,6,0,0
2月3日,地区级,山西,太原,0,0,0
2月3日,地区级,山东,泰安,0,0,0
2月3日,地区级,江苏,泰州,2,0,0
2月3日,地区级,河北,唐山,0,0,0
2月3日,地区级,湖北,天门,2,0,0
2月3日,地区级,甘肃,天水,0,0,0
2月3日,地区级,辽宁,铁岭,0,0,0
2月3日,地区级,吉林,通化,0,0,0
2月3日,地区级,内蒙古,通辽,0,0,0
2月3日,地区级,北京,通州,0,0,0
2月3日,地区级,陕西,铜川,0,0,0
2月3日,地区级,安徽,铜陵,1,0,0
2月3日,地区级,贵州,铜仁,0,0,0
2月3日,地区级,新疆,吐鲁番,0,0,0
2月3日,地区级,上海,外地来沪,0,0,0
2月3日,地区级,北京,外地来京,1,0,0
2月3日,地区级,海南,万宁,2,0,0
2月3日,地区级,山东,威海,0,0,0
2月3日,地区级,山东,潍坊,0,0,0
2月3日,地区级,陕西,渭南,0,0,0
2月3日,地区级,浙江,温州,49,0,0
2月3日,地区级,海南,文昌,0,0,0
2月3日,地区级,云南,文山州,1,0,0
2月3日,地区级,内蒙古,乌海,0,0,0
2月3日,地区级,内蒙古,乌兰察布,0,0,0
2月3日,地区级,新疆,乌鲁木齐,2,0,0
2月3日,地区级,重庆,云阳县,0,0,0
2月3日,地区级,江苏,无锡,2,0,0
2月3日,地区级,安徽,芜湖,5,0,0
2月3日,地区级,宁夏,吴忠,0,0,0
2月3日,地区级,广西,梧州,0,0,0
2月3日,地区级,湖北,武汉,1242,79,48
2月3日,地区级,陕西,西安,5,1,0
2月3日,地区级,北京,西城,2,0,0
2月3日,地区级,青海,西宁,0,0,0
2月3日,地区级,云南,西双版纳州,0,0,0
2月3日,地区级,内蒙古,锡林郭勒,0,0,0
2月3日,地区级,湖北,仙桃,19,0,0
2月3日,地区级,湖北,咸宁,52,0,0
2月3日,地区级,陕西,咸阳,2,0,0
2月3日,地区级,香港,香港,0,1,1
2月3日,地区级,湖南,湘潭,2,0,0
2月3日,地区级,湖南,湘西自治州,0,0,0
2月3日,地区级,湖北,襄阳,84,-1,1
2月3日,地区级,湖北,孝感,202,2,3
2月3日,地区级,山西,忻州,0,0,0
2月3日,地区级,河南,新乡,6,0,0
2月3日,地区级,江西,新余,9,0,0
2月3日,地区级,河南,信阳,13,0,0
2月3日,地区级,河北,邢台,2,0,0
2月3日,地区级,内蒙古,兴安盟乌兰浩特,0,0,0
2月3日,地区级,江苏,宿迁,1,0,0
2月3日,地区级,安徽,宿州,2,0,0
2月3日,地区级,上海,徐汇,2,0,0
2月3日,地区级,江苏,徐州,3,0,0
2月3日,地区级,河南,许昌,4,0,0
2月3日,地区级,安徽,宣城,0,0,0
2月3日,地区级,四川,雅安,0,0,0
2月3日,地区级,山东,烟台,0,0,0
2月3日,地区级,陕西,延安,0,0,0
2月3日,地区级,吉林,延边,1,0,0
2月3日,地区级,北京,延庆,0,0,0
2月3日,地区级,江苏,盐城,0,0,0
2月3日,地区级,江苏,扬州,1,0,0
2月3日,地区级,广东,阳江,2,0,0
2月3日,地区级,山西,阳泉,0,0,0
2月3日,地区级,陕西,杨凌示范区,1,0,0
2月3日,地区级,上海,杨浦,1,0,0
2月3日,地区级,新疆,伊犁州,1,0,0
2月3日,地区级,四川,宜宾,0,0,0
2月3日,地区级,湖北,宜昌,60,-1,2
2月3日,地区级,江西,宜春,9,1,0
2月3日,地区级,湖南,益阳,5,0,0
2月3日,地区级,宁夏,银川,1,0,0
2月3日,地区级,江西,鹰潭,0,0,0
2月3日,地区级,辽宁,营口,0,0,0
2月3日,地区级,湖南,永州,0,0,0
2月3日,地区级,陕西,榆林,0,0,0
2月3日,地区级,广西,玉林,0,0,0
2月3日,地区级,云南,玉溪,0,0,0
2月3日,地区级,湖南,岳阳,13,0,0
2月3日,地区级,山西,运城,3,0,0
2月3日,地区级,山东,枣庄,0,0,0
2月3日,地区级,广东,湛江,1,0,0
2月3日,地区级,湖南,张家界,0,0,0
2月3日,地区级,河北,张家口,0,0,0
2月3日,地区级,甘肃,张掖,0,0,0
2月3日,地区级,福建,漳州,0,0,0
2月3日,地区级,吉林,长春,1,0,0
2月3日,地区级,上海,长宁,0,0,0
2月3日,地区级,湖南,长沙,23,4,0
2月3日,地区级,山西,长治,0,0,0
2月3日,地区级,云南,昭通,0,0,0
2月3日,地区级,广东,肇庆,3,0,0
2月3日,地区级,江苏,镇江,2,0,0
2月3日,地区级,河南,郑州,13,0,0
2月3日,地区级,广东,中山,6,0,0
2月3日,地区级,宁夏,中卫,1,0,0
2月3日,地区级,浙江,舟山,0,0,0
2月3日,地区级,河南,周口,5,0,0
2月3日,地区级,广东,珠海,13,0,0
2月3日,地区级,湖南,株洲,8,0,0
2月3日,地区级,河南,驻马店,14,0,0
2月3日,地区级,四川,资阳,0,0,0
2月3日,地区级,山东,淄博,0,0,0
2月3日,地区级,四川,自贡,0,0,0
2月3日,地区级,贵州,遵义,1,0,0
2月3日,省级,湖北,,2345,97,64
2月3日,省级,浙江,,105,6,0
2月3日,省级,广东,,130,7,0
2月3日,省级,河南,,109,4,0
2月3日,省级,湖南,,72,7,0
2月3日,省级,安徽,,72,6,0
2月3日,省级,江西,,85,1,0
2月3日,省级,江苏,,37,2,0
2月3日,省级,四川,,28,1,0
2月3日,省级,山东,,15,4,0
2月3日,省级,北京,,16,11,0
2月3日,省级,上海,,16,2,0
2月3日,省级,福建,,15,1,0
2月3日,省级,黑龙江,,37,2,0
2月3日,省级,陕西,,14,1,0
2月3日,省级,广西,,12,3,0
2月3日,省级,河北,,13,1,0
2月3日,省级,云南,,6,0,0
2月3日,省级,海南,,8,0,0
2月3日,省级,辽宁,,3,1,0
2月3日,省级,山西,,8,0,0
2月3日,省级,贵州,,10,0,0
2月3日,省级,甘肃,,0,0,0
2月3日,省级,吉林,,11,0,0
2月3日,省级,内蒙古,,1,0,0
2月3日,省级,宁夏,,3,0,0
2月3日,省级,新疆,,5,0,0
2月3日,省级,香港,,2,0,1
2月3日,省级,青海,,2,0,0
2月3日,省级,澳门,,2,0,0
2月3日,省级,台湾,,0,0,0
2月3日,省级,西藏,,0,0,0
2月3日,国家级,,,3235,157,65
2月3日,地区级,重庆,长寿区,1,0,0
2月3日,地区级,重庆,忠县,0,0,0
2月3日,省级,重庆,,32,0,0
2月3日,省级,天津,,6,0,0
2月4日,国家级,,,3896,46,67
2月4日,省级,湖北,,3156,0,65
2月4日,地区级,湖北,武汉,1967,0,49
2月4日,地区级,湖北,黄冈,223,0,6
2月4日,地区级,湖北,孝感,342,0,1
2月4日,地区级,湖北,襄阳,103,0,1
2月4日,地区级,湖北,荆州,100,0,2
2月4日,地区级,湖北,随州,65,0,2
2月4日,地区级,湖北,黄石,104,0,0
2月4日,地区级,湖北,宜昌,44,0,1
2月4日,地区级,湖北,荆门,22,0,2
2月4日,地区级,湖北,咸宁,36,0,0
2月4日,地区级,湖北,鄂州,50,0,0
2月4日,地区级,湖北,十堰,27,0,0
2月4日,地区级,湖北,仙桃,37,0,1
2月4日,地区级,湖北,恩施州,15,0,0
2月4日,地区级,湖北,天门,11,0,0
2月4日,地区级,湖北,潜江,10,0,0
2月4日,地区级,湖北,神农架,0,0,0
2月4日,地区级,湖北,地区待确认,0,0,0
2月4日,省级,浙江,,66,0,0
2月4日,地区级,浙江,温州,24,0,0
2月4日,地区级,浙江,杭州,9,0,0
2月4日,地区级,浙江,台州,7,0,0
2月4日,地区级,浙江,宁波,18,0,0
2月4日,地区级,浙江,金华,4,0,0
2月4日,地区级,浙江,绍兴,0,0,0
2月4日,地区级,浙江,嘉兴,4,0,0
2月4日,地区级,浙江,丽水,0,0,0
2月4日,地区级,浙江,衢州,0,0,0
2月4日,地区级,浙江,湖州,0,0,0
2月4日,地区级,浙江,舟山,0,0,0
2月4日,省级,广东,,73,0,0
2月4日,地区级,广东,深圳,20,0,0
2月4日,地区级,广东,广州,21,0,0
2月4日,地区级,广东,珠海,5,0,0
2月4日,地区级,广东,佛山,3,0,0
2月4日,地区级,广东,东莞,7,0,0
2月4日,地区级,广东,中山,4,0,0
2月4日,地区级,广东,惠州,2,0,0
2月4日,地区级,广东,汕头,2,0,0
2月4日,地区级,广东,湛江,3,0,0
2月4日,地区级,广东,阳江,0,0,0
2月4日,地区级,广东,肇庆,1,0,0
2月4日,地区级,广东,梅州,1,0,0
2月4日,地区级,广东,清远,2,0,0
2月4日,地区级,广东,江门,1,0,0
2月4日,地区级,广东,揭阳,0,0,0
2月4日,地区级,广东,韶关,0,0,0
2月4日,地区级,广东,茂名,1,0,0
2月4日,地区级,广东,汕尾,0,0,0
2月4日,地区级,广东,潮州,0,0,0
2月4日,地区级,广东,河源,0,0,0
2月4日,地区级,广东,地区待确认,0,0,0
2月4日,省级,河南,,89,0,0
2月4日,地区级,河南,信阳,26,0,0
2月4日,地区级,河南,南阳,8,0,0
2月4日,地区级,河南,郑州,7,0,0
2月4日,地区级,河南,驻马店,10,0,0
2月4日,地区级,河南,商丘,1,0,0
2月4日,地区级,河南,周口,4,0,0
2月4日,地区级,河南,新乡,6,0,0
2月4日,地区级,河南,安阳,2,0,0
2月4日,地区级,河南,平顶山,6,0,0
2月4日,地区级,河南,漯河,1,0,0
2月4日,地区级,河南,许昌,5,0,0
2月4日,地区级,河南,洛阳,5,0,0
2月4日,地区级,河南,开封,5,0,0
2月4日,地区级,河南,焦作,3,0,0
2月4日,地区级,河南,鹤壁,0,0,0
2月4日,地区级,河南,三门峡,0,0,0
2月4日,地区级,河南,濮阳,0,0,0
2月4日,地区级,河南,济源示范区,0,0,0
2月4日,地区级,河南,地区待确认,0,0,0
2月4日,省级,湖南,,68,0,0
2月4日,地区级,湖南,长沙,16,0,0
2月4日,地区级,湖南,岳阳,6,0,0
2月4日,地区级,湖南,邵阳,13,0,0
2月4日,地区级,湖南,常德,6,0,0
2月4日,地区级,湖南,娄底,5,0,0
2月4日,地区级,湖南,益阳,5,0,0
2月4日,地区级,湖南,衡阳,4,0,0
2月4日,地区级,湖南,株洲,4,0,0
2月4日,地区级,湖南,怀化,0,0,0
2月4日,地区级,湖南,永州,4,0,0
2月4日,地区级,湖南,郴州,2,0,0
2月4日,地区级,湖南,湘潭,2,0,0
2月4日,地区级,湖南,湘西自治州,1,0,0
2月4日,地区级,湖南,张家界,0,0,0
2月4日,省级,江西,,72,0,0
2月4日,地区级,江西,南昌,13,0,0
2月4日,地区级,江西,九江,8,0,0
2月4日,地区级,江西,上饶,19,0,0
2月4日,地区级,江西,新余,10,0,0
2月4日,地区级,江西,赣州,6,0,0
2月4日,地区级,江西,宜春,3,0,0
2月4日,地区级,江西,抚州,10,0,0
2月4日,地区级,江西,萍乡,2,0,0
2月4日,地区级,江西,吉安,0,0,0
2月4日,地区级,江西,鹰潭,1,0,0
2月4日,地区级,江西,景德镇,0,0,0
2月4日,省级,安徽,,50,0,0
2月4日,地区级,安徽,合肥,12,0,0
2月4日,地区级,安徽,阜阳,5,0,0
2月4日,地区级,安徽,亳州,10,0,0
2月4日,地区级,安徽,安庆,1,0,0
2月4日,地区级,安徽,蚌埠,5,0,0
2月4日,地区级,安徽,六安,4,0,0
2月4日,地区级,安徽,马鞍山,2,0,0
2月4日,地区级,安徽,宿州,1,0,0
2月4日,地区级,安徽,芜湖,2,0,0
2月4日,地区级,安徽,铜陵,0,0,0
2月4日,地区级,安徽,淮北,3,0,0
2月4日,地区级,安徽,淮南,4,0,0
2月4日,地区级,安徽,滁州,0,0,0
2月4日,地区级,安徽,池州,1,0,0
2月4日,地区级,安徽,黄山,0,0,0
2月4日,地区级,安徽,宣城,0,0,0
2月4日,省级,重庆,,22,0,0
2月4日,地区级,重庆,万州区,5,0,0
2月4日,地区级,重庆,九龙坡区,4,0,0
2月4日,地区级,重庆,开州区,0,0,0
2月4日,地区级,重庆,云阳县,0,0,0
2月4日,地区级,重庆,江北区,0,0,0
2月4日,地区级,重庆,渝中区,3,0,0
2月4日,地区级,重庆,忠县,0,0,0
2月4日,地区级,重庆,垫江县,2,0,0
2月4日,地区级,重庆,两江新区,1,0,0
2月4日,地区级,重庆,綦江区,2,0,0
2月4日,地区级,重庆,石柱县,0,0,0
2月4日,地区级,重庆,渝北区,0,0,0
2月4日,地区级,重庆,长寿区,0,0,0
2月4日,地区级,重庆,巫溪县,0,0,0
2月4日,地区级,重庆,合川区,0,0,0
2月4日,地区级,重庆,奉节县,0,0,0
2月4日,地区级,重庆,璧山区,0,0,0
2月4日,地区级,重庆,南岸区,1,0,0
2月4日,地区级,重庆,巫山县,1,0,0
2月4日,地区级,重庆,荣昌区,0,0,0
2月4日,地区级,重庆,大足区,0,0,0
2月4日,地区级,重庆,铜梁区,0,0,0
2月4日,地区级,重庆,潼南区,2,0,0
2月4日,地区级,重庆,大渡口区,0,0,0
2月4日,地区级,重庆,丰都县,0,0,0
2月4日,地区级,重庆,涪陵区,1,0,0
2月4日,地区级,重庆,梁平区,0,0,0
2月4日,地区级,重庆,巴南区,0,0,0
2月4日,地区级,重庆,江津区,0,0,0
2月4日,地区级,重庆,永川区,0,0,0
2月4日,地区级,重庆,城口县,0,0,0
2月4日,地区级,重庆,黔江区,0,0,0
2月4日,地区级,重庆,沙坪坝区,0,0,0
2月4日,地区级,重庆,高新区,0,0,0
2月4日,地区级,重庆,彭水县,0,0,0
2月4日,地区级,重庆,秀山县,0,0,0
2月4日,地区级,重庆,武隆区,0,0,0
2月4日,省级,江苏,,33,0,0
2月4日,地区级,江苏,苏州,3,0,0
2月4日,地区级,江苏,南京,3,0,0
2月4日,地区级,江苏,徐州,6,0,0
2月4日,地区级,江苏,无锡,1,0,0
2月4日,地区级,江苏,淮安,4,0,0
2月4日,地区级,江苏,泰州,3,0,0
2月4日,地区级,江苏,南通,3,0,0
2月4日,地区级,江苏,常州,5,0,0
2月4日,地区级,江苏,连云港,3,0,0
2月4日,地区级,江苏,扬州,0,0,0
2月4日,地区级,江苏,盐城,0,0,0
2月4日,地区级,江苏,宿迁,1,0,0
2月4日,地区级,江苏,镇江,1,0,0
2月4日,省级,四川,,19,0,0
2月4日,地区级,四川,成都,5,0,0
2月4日,地区级,四川,南充,1,0,0
2月4日,地区级,四川,广安,0,0,0
2月4日,地区级,四川,绵阳,0,0,0
2月4日,地区级,四川,达州,4,0,0
2月4日,地区级,四川,内江,0,0,0
2月4日,地区级,四川,巴中,3,0,0
2月4日,地区级,四川,德阳,0,0,0
2月4日,地区级,四川,攀枝花,1,0,0
2月4日,地区级,四川,泸州,1,0,0
2月4日,地区级,四川,甘孜,2,0,0
2月4日,地区级,四川,自贡,0,0,0
2月4日,地区级,四川,宜宾,0,0,0
2月4日,地区级,四川,凉山,1,0,0
2月4日,地区级,四川,雅安,1,0,0
2月4日,地区级,四川,广元,0,0,0
2月4日,地区级,四川,遂宁,0,0,0
2月4日,地区级,四川,眉山,0,0,0
2月4日,地区级,四川,乐山,0,0,0
2月4日,地区级,四川,资阳,0,0,0
2月4日,地区级,四川,阿坝州,0,0,0
2月4日,地区级,四川,地区待确认,0,0,0
2月4日,省级,山东,,23,0,0
2月4日,地区级,山东,青岛,2,0,0
2月4日,地区级,山东,临沂,2,0,0
2月4日,地区级,山东,济南,4,0,0
2月4日,地区级,山东,威海,2,0,0
2月4日,地区级,山东,烟台,0,0,0
2月4日,地区级,山东,济宁,2,0,0
2月4日,地区级,山东,德州,0,0,0
2月4日,地区级,山东,枣庄,1,0,0
2月4日,地区级,山东,潍坊,2,0,0
2月4日,地区级,山东,日照,0,0,0
2月4日,地区级,山东,淄博,2,0,0
2月4日,地区级,山东,泰安,2,0,0
2月4日,地区级,山东,聊城,2,0,0
2月4日,地区级,山东,菏泽,2,0,0
2月4日,地区级,山东,滨州,0,0,0
2月4日,省级,北京,,25,0,0
2月4日,地区级,北京,海淀,0,0,0
2月4日,地区级,北京,朝阳,7,0,0
2月4日,地区级,北京,西城,1,0,0
2月4日,地区级,北京,大兴,0,0,0
2月4日,地区级,北京,外地来京,1,0,0
2月4日,地区级,北京,丰台,2,0,0
2月4日,地区级,北京,昌平,1,0,0
2月4日,地区级,北京,通州,0,0,0
2月4日,地区级,北京,房山,6,0,0
2月4日,地区级,北京,石景山,1,0,0
2月4日,地区级,北京,顺义,1,0,0
2月4日,地区级,北京,东城,4,0,0
2月4日,地区级,北京,怀柔,1,0,0
2月4日,地区级,北京,门头沟,0,0,0
2月4日,地区级,北京,延庆,0,0,0
2月4日,地区级,北京,地区待确认,0,0,0
2月4日,省级,上海,,14,0,0
2月4日,地区级,上海,外地来沪,3,0,0
2月4日,地区级,上海,浦东,2,0,0
2月4日,地区级,上海,静安,2,0,0
2月4日,地区级,上海,徐汇,1,0,0
2月4日,地区级,上海,宝山,0,0,0
2月4日,地区级,上海,闵行,1,0,0
2月4日,地区级,上海,长宁,1,0,0
2月4日,地区级,上海,松江,1,0,0
2月4日,地区级,上海,奉贤,0,0,0
2月4日,地区级,上海,普陀,0,0,0
2月4日,地区级,上海,杨浦,1,0,0
2月4日,地区级,上海,虹口,0,0,0
2月4日,地区级,上海,黄浦,0,0,0
2月4日,地区级,上海,青浦,1,0,0
2月4日,地区级,上海,嘉定,0,0,0
2月4日,地区级,上海,金山,0,0,0
2月4日,地区级,上海,崇明,1,0,0
2月4日,地区级,上海,地区待确认,0,0,0
2月4日,省级,福建,,11,0,0
2月4日,地区级,福建,福州,2,0,0
2月4日,地区级,福建,莆田,1,0,0
2月4日,地区级,福建,泉州,2,0,0
2月4日,地区级,福建,厦门,1,0,0
2月4日,地区级,福建,漳州,2,0,0
2月4日,地区级,福建,宁德,2,0,0
2月4日,地区级,福建,南平,1,0,0
2月4日,地区级,福建,三明,0,0,0
2月4日,地区级,福建,龙岩,0,0,0
2月4日,省级,黑龙江,,35,0,0
2月4日,地区级,黑龙江,哈尔滨,10,0,0
2月4日,地区级,黑龙江,绥化,2,0,0
2月4日,地区级,黑龙江,齐齐哈尔,14,0,0
2月4日,地区级,黑龙江,双鸭山,4,0,0
2月4日,地区级,黑龙江,鸡西,3,0,0
2月4日,地区级,黑龙江,大庆,0,0,0
2月4日,地区级,黑龙江,佳木斯,0,0,0
2月4日,地区级,黑龙江,牡丹江,1,0,0
2月4日,地区级,黑龙江,七台河,1,0,0
2月4日,地区级,黑龙江,大兴安岭,0,0,0
2月4日,地区级,黑龙江,鹤岗,0,0,0
2月4日,地区级,黑龙江,黑河,0,0,0
2月4日,省级,陕西,,23,0,0
2月4日,地区级,陕西,西安,10,0,0
2月4日,地区级,陕西,安康,2,0,0
2月4日,地区级,陕西,汉中,3,0,0
2月4日,地区级,陕西,咸阳,4,0,0
2月4日,地区级,陕西,宝鸡,0,0,0
2月4日,地区级,陕西,渭南,3,0,0
2月4日,地区级,陕西,铜川,0,0,0
2月4日,地区级,陕西,延安,0,0,0
2月4日,地区级,陕西,商洛,1,0,0
2月4日,地区级,陕西,榆林,0,0,0
2月4日,地区级,陕西,韩城,0,0,0
2月4日,地区级,陕西,杨凌示范区,0,0,0
2月4日,省级,广西,,9,0,0
2月4日,地区级,广西,北海,2,0,0
2月4日,地区级,广西,南宁,1,0,0
2月4日,地区级,广西,桂林,0,0,0
2月4日,地区级,广西,柳州,2,0,0
2月4日,地区级,广西,防城港,2,0,0
2月4日,地区级,广西,河池,1,0,0
2月4日,地区级,广西,玉林,0,0,0
2月4日,地区级,广西,梧州,0,0,0
2月4日,地区级,广西,贵港,0,0,0
2月4日,地区级,广西,钦州,1,0,0
2月4日,地区级,广西,贺州,0,0,0
2月4日,地区级,广西,百色,0,0,0
2月4日,省级,河北,,9,0,0
2月4日,地区级,河北,石家庄,0,0,0
2月4日,地区级,河北,沧州,0,0,0
2月4日,地区级,河北,保定,4,0,0
2月4日,地区级,河北,邢台,0,0,0
2月4日,地区级,河北,邯郸,0,0,0
2月4日,地区级,河北,廊坊,1,0,0
2月4日,地区级,河北,唐山,1,0,0
2月4日,地区级,河北,张家口,1,0,0
2月4日,地区级,河北,衡水,0,0,0
2月4日,地区级,河北,承德,1,0,0
2月4日,地区级,河北,秦皇岛,1,0,0
2月4日,省级,云南,,3,0,0
2月4日,地区级,云南,昆明,0,0,0
2月4日,地区级,云南,西双版纳州,1,0,0
2月4日,地区级,云南,玉溪,0,0,0
2月4日,地区级,云南,曲靖,1,0,0
2月4日,地区级,云南,昭通市,1,0,0
2月4日,地区级,云南,保山市,0,0,0
2月4日,地区级,云南,丽江市,0,0,0
2月4日,地区级,云南,大理,0,0,0
2月4日,地区级,云南,红河,0,0,0
2月4日,地区级,云南,德宏州,0,0,0
2月4日,地区级,云南,普洱,0,0,0
2月4日,地区级,云南,楚雄州,0,0,0
2月4日,地区级,云南,临沧,0,0,0
2月4日,地区级,云南,文山州,0,0,0
2月4日,省级,海南,,12,0,0
2月4日,地区级,海南,三亚,4,0,0
2月4日,地区级,海南,海口,2,0,0
2月4日,地区级,海南,万宁,0,0,0
2月4日,地区级,海南,儋州,2,0,0
2月4日,地区级,海南,琼海,0,0,0
2月4日,地区级,海南,临高县,1,0,0
2月4日,地区级,海南,陵水县,0,0,0
2月4日,地区级,海南,澄迈县,1,0,0
2月4日,地区级,海南,定安县,0,0,0
2月4日,地区级,海南,昌江县,0,0,0
2月4日,地区级,海南,东方,0,0,0
2月4日,地区级,海南,保亭县,2,0,0
2月4日,地区级,海南,琼中县,0,0,0
2月4日,地区级,海南,乐东,0,0,0
2月4日,地区级,海南,文昌,0,0,0
2月4日,省级,辽宁,,0,0,0
2月4日,地区级,辽宁,沈阳,0,0,0
2月4日,地区级,辽宁,大连,0,0,0
2月4日,地区级,辽宁,盘锦,0,0,0
2月4日,地区级,辽宁,锦州,0,0,0
2月4日,地区级,辽宁,阜新,0,0,0
2月4日,地区级,辽宁,葫芦岛,0,0,0
2月4日,地区级,辽宁,丹东,0,0,0
2月4日,地区级,辽宁,朝阳市,0,0,0
2月4日,地区级,辽宁,铁岭,0,0,0
2月4日,地区级,辽宁,本溪,0,0,0
2月4日,地区级,辽宁,辽阳,0,0,0
2月4日,地区级,辽宁,营口,0,0,0
2月4日,地区级,辽宁,鞍山,0,0,0
2月4日,省级,山西,,7,0,0
2月4日,地区级,山西,晋中,2,0,0
2月4日,地区级,山西,运城,1,0,0
2月4日,地区级,山西,太原,3,0,0
2月4日,地区级,山西,大同,0,0,0
2月4日,地区级,山西,晋城,0,0,0
2月4日,地区级,山西,吕梁,0,0,0
2月4日,地区级,山西,朔州,1,0,0
2月4日,地区级,山西,长治,0,0,0
2月4日,地区级,山西,忻州,0,0,0
2月4日,地区级,山西,阳泉,0,0,0
2月4日,地区级,山西,临汾,0,0,0
2月4日,省级,天津,,2,0,1
2月4日,地区级,天津,宝坻区,2,0,1
2月4日,地区级,天津,河北区,0,0,0
2月4日,地区级,天津,河东区,0,0,0
2月4日,地区级,天津,和平区,0,0,0
2月4日,地区级,天津,外地来津,0,0,0
2月4日,地区级,天津,河西区,0,0,0
2月4日,地区级,天津,宁河区,0,0,0
2月4日,地区级,天津,南开区,0,0,0
2月4日,地区级,天津,西青区,0,0,0
2月4日,地区级,天津,东丽区,0,0,0
2月4日,地区级,天津,红桥区,0,0,0
2月4日,地区级,天津,滨海新区,0,0,0
2月4日,地区级,天津,津南区,0,0,0
2月4日,地区级,天津,地区待确认,0,0,0
2月4日,省级,贵州,,6,0,0
2月4日,地区级,贵州,贵阳,2,0,0
2月4日,地区级,贵州,毕节,2,0,0
2月4日,地区级,贵州,六盘水,0,0,0
2月4日,地区级,贵州,遵义,0,0,0
2月4日,地区级,贵州,铜仁,0,0,0
2月4日,地区级,贵州,黔南州,0,0,0
2月4日,地区级,贵州,黔东南州,1,0,0
2月4日,地区级,贵州,黔西南州,0,0,0
2月4日,地区级,贵州,安顺,1,0,0
2月4日,省级,甘肃,,0,0,0
2月4日,地区级,甘肃,兰州,0,0,0
2月4日,地区级,甘肃,天水,0,0,0
2月4日,地区级,甘肃,陇南,0,0,0
2月4日,地区级,甘肃,临夏,0,0,0
2月4日,地区级,甘肃,定西,0,0,0
2月4日,地区级,甘肃,张掖,0,0,0
2月4日,地区级,甘肃,白银,0,0,0
2月4日,地区级,甘肃,金昌,0,0,0
2月4日,地区级,甘肃,平凉,0,0,0
2月4日,地区级,甘肃,甘南州,0,0,0
2月4日,地区级,甘肃,庆阳,0,0,0
2月4日,省级,吉林,,12,0,0
2月4日,地区级,吉林,长春,10,0,0
2月4日,地区级,吉林,四平,1,0,0
2月4日,地区级,吉林,吉林,0,0,0
2月4日,地区级,吉林,公主岭,1,0,0
2月4日,地区级,吉林,延边,0,0,0
2月4日,地区级,吉林,辽源,0,0,0
2月4日,地区级,吉林,松原,0,0,0
2月4日,地区级,吉林,通化,0,0,0
2月4日,省级,内蒙古,,7,0,0
2月4日,地区级,内蒙古,鄂尔多斯,2,0,0
2月4日,地区级,内蒙古,包头,1,0,0
2月4日,地区级,内蒙古,呼和浩特,1,0,0
2月4日,地区级,内蒙古,巴彦淖尔,1,0,0
2月4日,地区级,内蒙古,呼伦贝尔,0,0,0
2月4日,地区级,内蒙古,赤峰,1,0,0
2月4日,地区级,内蒙古,乌兰察布,0,0,0
2月4日,地区级,内蒙古,锡林郭勒,0,0,0
2月4日,地区级,内蒙古,乌海,1,0,0
2月4日,地区级,内蒙古,兴安盟乌兰浩特,0,0,0
2月4日,地区级,内蒙古,通辽,0,0,0
2月4日,省级,宁夏,,0,0,0
2月4日,地区级,宁夏,银川,0,0,0
2月4日,地区级,宁夏,吴忠,0,0,0
2月4日,地区级,宁夏,中卫,0,0,0
2月4日,地区级,宁夏,固原,0,0,0
2月4日,地区级,宁夏,宁东管委会,0,0,0
2月4日,地区级,宁夏,石嘴山,0,0,0
2月4日,省级,新疆,,3,0,0
2月4日,地区级,新疆,乌鲁木齐,0,0,0
2月4日,地区级,新疆,伊犁州,2,0,0
2月4日,地区级,新疆,兵团第九师,0,0,0
2月4日,地区级,新疆,昌吉州,1,0,0
2月4日,地区级,新疆,吐鲁番,0,0,0
2月4日,地区级,新疆,第七师,0,0,0
2月4日,地区级,新疆,第八师石河子,0,0,0
2月4日,地区级,新疆,阿克苏,0,0,0
2月4日,地区级,新疆,六师五家渠,0,0,0
2月4日,省级,香港,,1,0,0
2月4日,地区级,香港,香港,1,0,0
2月4日,省级,青海,,2,0,0
2月4日,地区级,青海,西宁,2,0,0
2月4日,地区级,青海,海北州,0,0,0
2月4日,省级,台湾,,0,0,0
2月4日,地区级,台湾,地区待确认,0,0,0
2月4日,省级,澳门,,0,0,0
2月4日,地区级,澳门,澳门,0,0,0
2月4日,省级,西藏,,0,0,0
2月4日,地区级,西藏,地区待确认,0,0,0
